model,dtype,n_steps,kl_mean,js_mean,flip_rate,prompt_len
llama2,fp16,32,6.9623264096208e-06,1.7475742605244093e-06,0.0,172
llama2,fp32,32,3.5129908815267896e-08,5.930997126258643e-09,0.0,172
llama2,fp16,32,1.2687809443079345e-06,3.1777261655374645e-07,0.0,110
llama2,fp32,32,1.885503720516768e-08,4.065842842959633e-09,0.0,110
llama2,fp16,32,4.198294531576607e-06,1.0519801855179978e-06,0.0,75
llama2,fp32,32,3.735975995927676e-08,9.65579596660937e-09,0.0,75
llama2,fp16,32,2.7856267105774712e-06,6.920322732570372e-07,0.0,77
llama2,fp32,32,1.1186886569869436e-08,3.016705445342549e-09,0.0,77
llama2,fp16,32,1.769297974352213e-06,4.41557284236449e-07,0.0,53
llama2,fp32,32,1.7590218381706435e-08,4.905732885890357e-09,0.0,53
llama2,fp16,32,3.2805979219840964e-06,8.20935129958178e-07,0.0,51
llama2,fp32,32,1.95583929681227e-08,6.6109869245600805e-09,0.0,51
llama2,fp16,32,1.4573851533361548e-06,3.6003936323969477e-07,0.0,65
llama2,fp32,32,1.675133757400582e-08,5.9568267471443725e-09,0.0,65
llama2,fp16,32,5.583392639341156e-06,1.3870563742302e-06,0.0,53
llama2,fp32,32,2.83875540608991e-08,9.423311617129393e-09,0.0,53
llama2,fp16,32,5.833189898662994e-06,1.4618417535361417e-06,0.0,64
llama2,fp32,32,2.8097828230766453e-08,4.984310492117672e-09,0.0,64
llama2,fp16,32,4.652829549645077e-06,1.1603550414962527e-06,0.0,115
llama2,fp32,32,2.4281567419931482e-08,4.69352628680933e-09,0.0,115
llama2,fp16,32,2.535586528074063e-06,6.347635970183063e-07,0.0,88
llama2,fp32,32,2.3070265336988527e-08,2.2644127042198425e-09,0.0,88
llama2,fp16,32,3.5227268658788446e-06,8.802597933343925e-07,0.0,74
llama2,fp32,32,2.208983118645591e-08,1.0554405641127751e-08,0.0,74
llama2,fp16,32,3.957056041059559e-06,1.0055013144882885e-06,0.0,80
llama2,fp32,32,3.832926376290402e-08,6.867767722573692e-09,0.0,80
llama2,fp16,32,8.562357048269575e-06,2.1267009066017195e-06,0.0,44
llama2,fp32,32,3.05588044452465e-08,9.492593194132537e-09,0.0,44
llama2,fp16,32,5.752430282168568,0.3181760944155414,0.5,100
llama2,fp32,32,3.9097747150940165e-08,9.966264979954786e-09,0.0,100
llama2,fp16,32,7.605303494084836e-06,1.8944321819036603e-06,0.0,133
llama2,fp32,32,3.039873738841514e-08,8.026883928369255e-09,0.0,133
llama2,fp16,32,1.0354421555724969e-06,2.5265467246127216e-07,0.0,46
llama2,fp32,32,2.2167801320277514e-08,6.82649779065736e-09,0.0,46
llama2,fp16,32,6.946978967192763e-06,1.7375216998516407e-06,0.0,68
llama2,fp32,32,2.761057769917752e-08,1.1207690719938768e-08,0.0,68
llama2,fp16,32,1.442908358351147e-06,3.668497601250209e-07,0.0,74
llama2,fp32,32,2.7723457252104566e-08,4.724435970909768e-09,0.0,74
llama2,fp16,32,1.4351198995843362e-06,3.560312852868286e-07,0.0,49
llama2,fp32,32,2.0213131800826158e-08,2.3411608225174635e-09,0.0,49
llama2,fp16,32,2.8858628138284104e-06,7.126352048747453e-07,0.0,67
llama2,fp32,32,3.915471062307385e-08,3.855925762713541e-09,0.0,67
llama2,fp16,32,1.2171854644194013e-06,3.102951426914302e-07,0.0,71
llama2,fp32,32,2.5375239659508608e-08,4.5222965545932414e-09,0.0,71
llama2,fp16,32,6.105256796118397e-06,1.5124790828935364e-06,0.0,61
llama2,fp32,32,1.8332724754932528e-08,7.891844615304233e-09,0.0,61
llama2,fp16,32,1.8603479627898878e-06,4.6012036297726766e-07,0.0,63
llama2,fp32,32,2.3849400766773332e-08,4.309746486769184e-09,0.0,63
llama2,fp16,32,3.7992658123986445e-06,9.556374414299018e-07,0.0,85
llama2,fp32,32,3.191664649238035e-08,9.621597941988913e-09,0.0,85
llama2,fp16,32,2.7502166958237595e-06,6.794417607633441e-07,0.0,70
llama2,fp32,32,3.0347942950315066e-08,4.479930995615611e-09,0.0,70
llama2,fp16,32,1.8907452847827244e-06,4.7598675170790194e-07,0.0,62
llama2,fp32,32,2.5793040812557844e-08,6.584674341154548e-09,0.0,62
llama2,fp16,32,1.1134513013821845e-06,2.7806491498250097e-07,0.0,53
llama2,fp32,32,2.0053112323448197e-08,2.659047550722382e-09,0.0,53
llama2,fp16,32,3.1639682114281698e-06,7.884126310420125e-07,0.0,78
llama2,fp32,32,2.3584967387933753e-08,9.61359519768834e-09,0.0,78
llama2,fp16,32,4.262172473401549e-06,1.0633696711434548e-06,0.0,50
llama2,fp32,32,2.7563205023083126e-08,8.36931857909999e-09,0.0,50
llama2,fp16,32,1.3505127798296712e-06,3.380233543071043e-07,0.0,73
llama2,fp32,32,1.2064379122447844e-08,7.561397911775257e-09,0.0,73
llama2,fp16,32,5.585847489442131e-06,1.3968436016753571e-06,0.0,108
llama2,fp32,32,2.338975516047448e-08,6.987088352339299e-09,0.0,108
llama2,fp16,32,1.7403805439575315e-06,4.3111615584401353e-07,0.0,49
llama2,fp32,32,3.182733460116438e-08,3.600411073445553e-09,0.0,49
llama2,fp16,32,1.0760169797396912e-06,2.716472700670103e-07,0.0,103
llama2,fp32,32,1.2993737863453703e-08,4.384046892874638e-09,0.0,103
llama2,fp16,32,1.028744534892212e-05,2.572645158238629e-06,0.0,78
llama2,fp32,32,4.648321402789257e-08,1.4736249248636923e-08,0.0,78
llama2,fp16,32,7.761698934238837e-06,1.9335548694376925e-06,0.0,106
llama2,fp32,32,3.8993370877690725e-08,1.035769904263531e-08,0.0,106
llama2,fp16,32,5.459612202329822e-07,1.3526209075021e-07,0.0,164
llama2,fp32,32,1.68148785034683e-08,2.8532939518044476e-09,0.0,164
llama2,fp16,32,7.579024815740354e-06,1.8959577126054228e-06,0.0,106
llama2,fp32,32,1.669972288231847e-08,1.0692210325458085e-08,0.0,106
llama2,fp16,32,5.40373634017044e-06,1.3597453449865071e-06,0.0,90
llama2,fp32,32,2.028607740123256e-08,2.102799413761236e-09,0.0,90
llama2,fp16,32,8.005501530461423e-06,1.9969388330709492e-06,0.0,94
llama2,fp32,32,1.8499385261508405e-08,7.968672457135673e-09,0.0,94
llama2,fp16,32,8.000412583086813e-06,2.0111847103265745e-06,0.0,56
llama2,fp32,32,4.1146414053727653e-08,1.475182902915817e-08,0.0,56
llama2,fp16,32,7.597756898292118e-06,1.893970448696436e-06,0.0,61
llama2,fp32,32,2.2118782389002334e-08,1.1243549619122106e-08,0.0,61
llama2,fp16,32,1.5674911092444788e-06,3.862005908406019e-07,0.0,67
llama2,fp32,32,2.476930649822351e-08,3.917551425619559e-09,0.0,67
llama2,fp16,32,3.0065641043464097e-06,7.57074601120955e-07,0.0,60
llama2,fp32,32,2.46907615533698e-08,6.734529628350718e-09,0.0,60
llama2,fp16,32,1.140584011904977e-06,2.758401116409459e-07,0.0,52
llama2,fp32,32,4.434545466946993e-08,3.967873108204345e-09,0.0,52
llama2,fp16,32,5.762421930843864e-06,1.4283075649920707e-06,0.0,74
llama2,fp32,32,2.9849039322269594e-08,9.024995264571983e-09,0.0,74
llama2,fp16,32,1.55788683908753e-06,3.7640630712321155e-07,0.0,115
llama2,fp32,32,2.1025950546621486e-08,3.781025333972343e-09,0.0,115
llama2,fp16,32,5.405810134195832e-06,1.352011646908735e-06,0.0,95
llama2,fp32,32,2.2190119255971474e-08,6.957580359068238e-09,0.0,95
llama2,fp16,32,1.204902668749952e-06,2.9754094049705415e-07,0.0,66
llama2,fp32,32,2.5229119517480858e-08,2.557213269263614e-09,0.0,66
llama2,fp16,32,7.242429498788283e-06,1.8034859330384734e-06,0.0,116
llama2,fp32,32,3.7383078133057523e-08,8.23782620590352e-09,0.0,116
llama2,fp16,32,6.553841768064157,0.35882585556743485,0.5625,50
llama2,fp32,32,2.8132692238280743e-08,5.8065405626056554e-09,0.0,50
llama2,fp16,32,6.031335765044332e-06,1.5103970354424234e-06,0.0,62
llama2,fp32,32,1.180337250161756e-08,2.0793181482181566e-09,0.0,62
llama2,fp16,32,4.387504107583595e-06,1.1030838764636286e-06,0.0,66
llama2,fp32,32,3.631784051272291e-08,1.0862632834895969e-08,0.0,66
llama2,fp16,32,8.269815690020721e-07,2.03012525401558e-07,0.0,51
llama2,fp32,32,2.6162420377687234e-08,3.2815072534275735e-09,0.0,51
llama2,fp16,32,4.688842090594392e-06,1.187730108598295e-06,0.0,74
llama2,fp32,32,3.00790869434131e-08,7.753288424477978e-09,0.0,74
llama2,fp16,32,1.3715931768409906e-06,3.384221513580421e-07,0.0,50
llama2,fp32,32,2.592050482586039e-08,1.2121510314586081e-09,0.0,50
llama2,fp16,32,5.1573949071404e-06,1.287063245258846e-06,0.0,132
llama2,fp32,32,3.114230742728985e-08,9.862715220909646e-09,0.0,132
llama2,fp16,32,4.775128759959557e-06,1.1980900558317131e-06,0.0,69
llama2,fp32,32,1.5501523231709058e-08,9.99550575295216e-09,0.0,69
llama2,fp16,32,6.564605706360638e-06,1.632832687670227e-06,0.0,71
llama2,fp32,32,2.5634162334475796e-08,9.929046917989126e-09,0.0,71
llama2,fp16,32,7.144791317493485,0.40323273004754334,0.625,110
llama2,fp32,32,1.9802022513046302e-08,3.6713805628453555e-09,0.0,110
llama2,fp16,32,1.1713193857065818e-06,2.913015325067825e-07,0.0,51
llama2,fp32,32,3.507375191669215e-08,4.65542383983053e-09,0.0,51
llama2,fp16,32,1.0009477384720356e-06,2.4494568355570845e-07,0.0,56
llama2,fp32,32,3.036749494922386e-08,4.3007460199476905e-09,0.0,56
llama2,fp16,32,3.7581166889566475e-06,9.435372924637697e-07,0.0,58
llama2,fp32,32,3.8187254691735006e-08,1.1089339224668038e-08,0.0,58
llama2,fp16,32,6.787264370533563e-06,1.6999401961648175e-06,0.0,96
llama2,fp32,32,3.0353701802043886e-08,1.2895537332413554e-08,0.0,96
llama2,fp16,32,4.802397522318813e-06,1.2028515842810172e-06,0.0,51
llama2,fp32,32,3.079983090792382e-08,6.217016942922093e-09,0.0,51
llama2,fp16,32,2.133172746887624e-06,5.401481248945572e-07,0.0,127
llama2,fp32,32,2.8420564063616482e-08,7.750164093822676e-09,0.0,127
llama2,fp16,32,7.217064562414777e-06,1.8161916080783325e-06,0.0,75
llama2,fp32,32,1.959265734374771e-08,7.081534227071362e-09,0.0,75
llama2,fp16,32,1.7624021113604726e-06,4.287859523000037e-07,0.0,71
llama2,fp32,32,2.059361658979242e-08,4.0473954188158245e-09,0.0,71
llama2,fp16,32,6.118040046576567e-06,1.5284668571924342e-06,0.0,91
llama2,fp32,32,2.7527278005645694e-08,7.253647939242658e-09,0.0,91
llama2,fp16,32,6.923033837313852e-07,1.7562230164580583e-07,0.0,68
llama2,fp32,32,2.709163154923644e-08,4.8467886232250734e-09,0.0,68
llama2,fp16,32,2.0597352337059505e-06,5.217043617944395e-07,0.0,52
llama2,fp32,32,2.6952113494141394e-08,2.3840865221672752e-09,0.0,52
llama2,fp16,32,6.8572553859613805e-06,1.7152795117603148e-06,0.0,50
llama2,fp32,32,3.2408761733299096e-08,6.460284238118952e-09,0.0,50
llama2,fp16,32,8.88646176200325e-07,2.159730812800742e-07,0.0,94
llama2,fp32,32,1.9039216998112396e-08,3.7133853596216237e-09,0.0,94
llama2,fp16,32,7.572893517826529e-07,1.9026320502435468e-07,0.0,74
llama2,fp32,32,1.9727329325647247e-08,4.961783321016933e-09,0.0,74
llama2,fp16,32,1.9281965017992064e-06,4.835808645811679e-07,0.0,50
llama2,fp32,32,2.494983460110678e-08,5.342989153542255e-09,0.0,50
llama2,fp16,32,8.064748756364537e-06,2.009328643859387e-06,0.0,80
llama2,fp32,32,3.295475284326166e-08,6.47016547977719e-09,0.0,80
llama2,fp16,32,6.782537361971208e-06,1.7033073056935133e-06,0.0,91
llama2,fp32,32,3.2642546804462214e-08,1.0795564456267392e-08,0.0,91
llama2,fp16,32,4.927160013212806e-06,1.2323220347498776e-06,0.0,69
llama2,fp32,32,2.8962107892493982e-08,1.0535595562632949e-08,0.0,69
llama2,fp16,32,5.8757201450987395e-06,1.4712953890771985e-06,0.0,53
llama2,fp32,32,3.6898135435947665e-08,9.355088093077057e-09,0.0,53
llama2,fp16,32,6.9477785467064734e-06,1.7341090833289385e-06,0.0,82
llama2,fp32,32,1.6670108293759256e-08,1.138542058548575e-08,0.0,82
llama2,fp16,32,4.5146739699464256e-06,1.1392305434010375e-06,0.0,49
llama2,fp32,32,3.27768765739922e-08,5.131067105923481e-09,0.0,49
llama2,fp16,32,1.2332329675235343e-06,3.1295282904020283e-07,0.0,51
llama2,fp32,32,2.2867410034987934e-08,5.362316568210956e-09,0.0,51
llama2,fp16,32,5.575131055479687e-06,1.385696945410686e-06,0.0,58
llama2,fp32,32,3.017077612743613e-08,1.1481960687786952e-08,0.0,58
llama2,fp16,32,6.839030534111501e-07,1.6456908014106375e-07,0.0,96
llama2,fp32,32,2.418897565581446e-08,6.6238039046762065e-09,0.0,96
llama2,fp16,32,6.922164938139019e-06,1.7266478232746962e-06,0.0,78
llama2,fp32,32,2.8184211769977097e-08,1.193254803993904e-08,0.0,78
llama2,fp16,32,5.672199828166136e-06,1.424003731098633e-06,0.0,88
llama2,fp32,32,2.371712383431035e-08,7.712672455990194e-09,0.0,88
llama2,fp16,32,0.0645139952401026,0.012368350854172094,0.0625,105
llama2,fp32,32,2.4939534014334352e-08,1.5520944408181636e-08,0.0,105
llama2,fp16,32,2.7771635865425637e-06,7.026303098789377e-07,0.0,72
llama2,fp32,32,3.355335050775343e-08,6.195133051521695e-09,0.0,72
llama2,fp16,32,5.522261714574483e-07,1.31121101587528e-07,0.0,75
llama2,fp32,32,1.7301296673100097e-08,3.139219834763767e-09,0.0,75
llama2,fp16,32,8.970396820906501e-07,2.2371654237463012e-07,0.0,109
llama2,fp32,32,3.632725747992893e-08,5.177959255808773e-09,0.0,109
llama2,fp16,32,1.0311872795654153e-06,2.5207250187175845e-07,0.0,57
llama2,fp32,32,2.5976238585373283e-08,4.064244642221215e-09,0.0,57
llama2,fp16,32,8.532877215916557e-07,2.1213745754478097e-07,0.0,87
llama2,fp32,32,1.6554636127208422e-08,1.6713282147140518e-09,0.0,87
llama2,fp16,32,1.1480346293613053e-06,2.809225447264474e-07,0.0,100
llama2,fp32,32,1.7206762195631775e-08,8.275665482754269e-09,0.0,100
llama2,fp16,32,5.981860859094468e-06,1.4914055670445237e-06,0.0,51
llama2,fp32,32,3.443870277841654e-08,9.943414980284615e-09,0.0,51
llama2,fp16,32,6.569148617074916e-06,1.6252307473152428e-06,0.0,90
llama2,fp32,32,4.266676259523372e-08,1.0860333798934363e-08,0.0,90
llama2,fp16,32,2.470362425510686e-06,6.180730416222024e-07,0.0,74
llama2,fp32,32,1.3586530268894226e-08,5.982050469560685e-09,0.0,74
llama2,fp16,32,1.6569502918617474e-06,4.13448359160018e-07,0.0,53
llama2,fp32,32,2.7593659156222028e-08,4.501899701549877e-09,0.0,53
llama2,fp16,32,6.196805848679432e-06,1.5563085054015602e-06,0.0,82
llama2,fp32,32,2.5603595313339333e-08,1.0974432120003375e-08,0.0,82
llama2,fp16,32,8.248470609206748e-06,2.0684434914319816e-06,0.0,119
llama2,fp32,32,3.1818900292357455e-08,6.061690971653072e-09,0.0,119
llama2,fp16,32,6.5367538819582904e-06,1.6312837301246663e-06,0.0,141
llama2,fp32,32,3.174841577482934e-08,1.5942959535886203e-08,0.0,141
llama2,fp16,32,1.6226018946241538e-06,4.1302165887380227e-07,0.0,53
llama2,fp32,32,3.9191208223154916e-08,2.8726881567964213e-09,0.0,53
llama2,fp16,32,1.3538938534729539e-06,3.379055441010692e-07,0.0,62
llama2,fp32,32,2.133963779640813e-08,4.086218154640553e-09,0.0,62
llama2,fp16,32,7.476704777076293e-06,1.881369674161526e-06,0.0,44
llama2,fp32,32,4.088411700853278e-08,1.1612569683627783e-08,0.0,44
llama2,fp16,32,2.517325220025013e-06,6.249834410484989e-07,0.0,47
llama2,fp32,32,1.3886788031124142e-08,3.972896237469312e-09,0.0,47
llama2,fp16,32,6.953060804448796e-06,1.7365295611471154e-06,0.0,153
llama2,fp32,32,2.765446349695111e-08,6.35268326831806e-09,0.0,153
llama2,fp16,32,6.623281389561697e-06,1.666721041571062e-06,0.0,45
llama2,fp32,32,2.6685038722121246e-08,1.0027355804194393e-08,0.0,45
llama2,fp16,32,1.4873341216414815e-06,3.6363492122992724e-07,0.0,62
llama2,fp32,32,2.7236073202319133e-08,2.907478417746301e-09,0.0,62
llama2,fp16,32,1.7596450132550956e-06,4.364236106946251e-07,0.0,47
llama2,fp32,32,3.2863640683777895e-08,4.666048254373112e-09,0.0,47
llama2,fp16,32,1.7127514495007823e-06,4.220267314364312e-07,0.0,69
llama2,fp32,32,2.1065779204354484e-08,7.171458993814571e-09,0.0,69
llama2,fp16,32,1.37901009389374e-06,3.391139748593064e-07,0.0,84
llama2,fp32,32,2.7102507408477416e-08,3.3618733717016847e-09,0.0,84
llama2,fp16,32,7.3086195682137145e-06,1.827464827797165e-06,0.0,99
llama2,fp32,32,4.2475061579061446e-08,1.3484837940724859e-08,0.0,99
llama2,fp16,32,4.6782194411676414e-06,1.1783364000095276e-06,0.0,64
llama2,fp32,32,3.2356136214772846e-08,1.16503922065192e-08,0.0,64
llama2,fp16,32,1.2019324411860488e-06,2.9437566516354874e-07,0.0,61
llama2,fp32,32,1.085354569847069e-08,2.11667566926612e-09,0.0,61
llama2,fp16,32,7.613207938517164e-07,1.9307127875622943e-07,0.0,71
llama2,fp32,32,2.120308448434749e-08,4.808557631935662e-10,0.0,71
llama2,fp16,32,3.748900737177152e-06,9.394426161435376e-07,0.0,60
llama2,fp32,32,2.6214672987912024e-08,3.4287255673559613e-09,0.0,60
llama2,fp16,32,8.290864487392469e-06,2.0725786479269814e-06,0.0,71
llama2,fp32,32,4.3304276775568695e-08,6.9575960132128856e-09,0.0,71
llama2,fp16,32,9.564897877067935e-07,2.4219617128506954e-07,0.0,72
llama2,fp32,32,2.055150466473421e-08,1.0811943510630195e-09,0.0,72
llama2,fp16,32,6.101515573675442e-06,1.52748795656521e-06,0.0,84
llama2,fp32,32,5.376905720666514e-08,1.147587258554239e-08,0.0,84
llama2,fp16,32,1.5291342898571259e-06,3.9344474928038053e-07,0.0,65
llama2,fp32,32,3.214270266616026e-08,4.1520226007341066e-09,0.0,65
llama2,fp16,32,1.460254506202574e-06,3.720741159896068e-07,0.0,75
llama2,fp32,32,2.550091054986936e-08,4.027016530135097e-09,0.0,75
llama2,fp16,32,7.758064972662737e-07,1.876263991951177e-07,0.0,41
llama2,fp32,32,2.200327867130092e-08,4.608954646753705e-09,0.0,41
llama2,fp16,32,5.203062222847166e-06,1.3045367368569316e-06,0.0,122
llama2,fp32,32,3.170439510924439e-08,7.300808180232821e-09,0.0,122
llama2,fp16,32,1.4165046167136097e-06,3.54424315202051e-07,0.0,50
llama2,fp32,32,1.5564829411451875e-08,4.714869716870851e-09,0.0,50
llama2,fp16,32,9.793420901793581e-06,2.449987140829002e-06,0.0,43
llama2,fp32,32,2.7299676186309796e-08,7.96188009966059e-09,0.0,43
llama2,fp16,32,1.2420788122469162e-06,3.094636818190555e-07,0.0,53
llama2,fp32,32,1.9699765801267644e-08,5.657171350077414e-09,0.0,53
llama2,fp16,32,7.679796776682846e-06,1.911716446423295e-06,0.0,81
llama2,fp32,32,3.823013594583813e-08,8.302430455804644e-09,0.0,81
llama2,fp16,32,7.213747098555601e-06,1.8116231075837597e-06,0.0,62
llama2,fp32,32,2.7224509369094818e-08,2.8700590237740187e-09,0.0,62
llama2,fp16,32,1.2459033098544126e-06,3.1135381600710943e-07,0.0,52
llama2,fp32,32,1.7667822843625558e-08,3.4216420998628427e-09,0.0,52
llama2,fp16,32,8.590714468126315e-06,2.1475254166625213e-06,0.0,104
llama2,fp32,32,3.536933323999847e-08,1.088840059781937e-08,0.0,104
llama2,fp16,32,5.828070382296602e-06,1.46095507971844e-06,0.0,74
llama2,fp32,32,3.84889107807318e-08,8.751529875783426e-09,0.0,74
llama2,fp16,32,1.3545826050842535e-06,3.2908861855029947e-07,0.0,81
llama2,fp32,32,1.389610282398479e-08,4.03847779523181e-09,0.0,81
llama2,fp16,32,6.468377058421737e-07,1.6228029012244072e-07,0.0,60
llama2,fp32,32,1.9721602319971998e-08,2.1098084668214057e-09,0.0,60
llama2,fp16,32,2.238502366802564e-06,5.619754717967052e-07,0.0,85
llama2,fp32,32,2.125012531911663e-08,4.912580188129456e-09,0.0,85
llama2,fp16,32,8.962725845940156e-07,2.2238910224459119e-07,0.0,55
llama2,fp32,32,3.541996107525591e-08,1.577371218017265e-09,0.0,55
llama2,fp16,32,1.1350728530423737e-06,2.8037852145557096e-07,0.0,71
llama2,fp32,32,2.8085012621081873e-08,4.530724739826297e-09,0.0,71
llama2,fp16,32,5.428023179598895e-06,1.3607021811523623e-06,0.0,85
llama2,fp32,32,2.0811045360960567e-08,1.0425983056061572e-08,0.0,85
llama2,fp16,32,1.634834436936572e-06,4.0102677928421926e-07,0.0,54
llama2,fp32,32,2.497149316840752e-08,5.370414614316171e-09,0.0,54
llama2,fp16,32,4.3386967764069695e-06,1.087861488816358e-06,0.0,75
llama2,fp32,32,3.6612127163326846e-08,4.634766438693649e-09,0.0,75
llama2,fp16,32,3.4992163011615673e-06,8.766132615911637e-07,0.0,76
llama2,fp32,32,1.9058312254738308e-08,6.8256282900053256e-09,0.0,76
llama2,fp16,32,1.7156920422700672e-06,4.293120796985961e-07,0.0,69
llama2,fp32,32,1.1497774715825415e-08,2.4340926611538666e-09,0.0,69
llama2,fp16,32,5.689811546805146e-06,1.427270988479945e-06,0.0,68
llama2,fp32,32,2.610186723706054e-08,6.676036879565972e-09,0.0,68
llama2,fp16,32,9.706211970208585,0.6105134402866668,0.96875,50
llama2,fp32,32,2.2706262388545728e-08,6.748504619707996e-09,0.0,50
llama2,fp16,32,5.952345266013737e-06,1.482362711802132e-06,0.0,79
llama2,fp32,32,5.130419815368992e-08,8.479594037352767e-09,0.0,79
llama2,fp16,32,7.1472870981637016e-06,1.7763668715975456e-06,0.0,56
llama2,fp32,32,1.8799311191086687e-08,1.280866779307388e-08,0.0,56
llama2,fp16,32,1.2390670649509161e-06,3.0102400211395874e-07,0.0,94
llama2,fp32,32,3.188915256857605e-08,3.711623983854162e-09,0.0,94
llama2,fp16,32,6.5120216810043985e-06,1.638659011149457e-06,0.0,112
llama2,fp32,32,3.9384105754436405e-08,1.3795387887594046e-08,0.0,112
llama2,fp16,32,5.785525480542231e-06,1.4410868224221107e-06,0.0,58
llama2,fp32,32,4.2383356740893774e-08,7.794273209488223e-09,0.0,58
llama2,fp16,32,5.686037885643813e-06,1.434091790795261e-06,0.0,63
llama2,fp32,32,1.1737898516002594e-08,7.59803066105203e-09,0.0,63
llama2,fp16,32,7.91530248633876e-06,1.9748054245205537e-06,0.0,133
llama2,fp32,32,2.7748692815743325e-08,8.960147415693065e-09,0.0,133
llama2,fp16,32,5.009130117139549e-06,1.2486015567581e-06,0.0,55
llama2,fp32,32,4.6514844531664323e-08,8.986317898140861e-09,0.0,55
llama2,fp16,32,5.6598486963821415e-06,1.4118353193204314e-06,0.0,83
llama2,fp32,32,2.264896767356639e-08,6.070726074614008e-09,0.0,83
llama2,fp16,32,4.579621935674183e-06,1.1405880633308385e-06,0.0,67
llama2,fp32,32,3.257782532628539e-08,4.717648355301307e-09,0.0,67
llama2,fp16,32,8.183920772397713e-06,2.0490479396562122e-06,0.0,108
llama2,fp32,32,4.090605176809703e-08,1.1692077167557713e-08,0.0,108
llama2,fp16,32,4.3769820078365385e-06,1.0856986999430163e-06,0.0,74
llama2,fp32,32,2.7870670930851826e-08,4.468712345908482e-09,0.0,74
llama2,fp16,32,4.312138705164781e-06,1.0834602980902552e-06,0.0,102
llama2,fp32,32,1.785649406116363e-08,8.47339998166774e-09,0.0,102
llama2,fp16,32,2.6803745762915554e-06,6.744901088762134e-07,0.0,65
llama2,fp32,32,4.0264865969197317e-08,5.4770785060109795e-09,0.0,65
llama2,fp16,32,9.005052937993696e-06,2.2493655968958137e-06,0.0,94
llama2,fp32,32,3.769017026256094e-08,6.57821659644231e-09,0.0,94
llama2,fp16,32,1.2033006549644343e-06,2.941782192046605e-07,0.0,42
llama2,fp32,32,2.0918034708897193e-08,6.144265463168402e-09,0.0,42
llama2,fp16,32,4.445603166702838e-06,1.1073143501294513e-06,0.0,81
llama2,fp32,32,2.621641062572344e-08,1.0624568728273553e-08,0.0,81
llama2,fp16,32,1.981310298049266e-06,4.928725580999327e-07,0.0,88
llama2,fp32,32,3.8608319763433485e-08,3.059839111252405e-09,0.0,88
llama2,fp16,32,9.376220834411697e-06,2.3369608457279867e-06,0.0,59
llama2,fp32,32,3.590310049261802e-08,8.786018065864987e-09,0.0,59
llama2,fp16,32,5.205784279205261e-07,1.264345139695422e-07,0.0,93
llama2,fp32,32,3.077067269735556e-08,4.016559911057538e-09,0.0,93
llama2,fp16,32,1.4047743174816496e-06,3.517796855895261e-07,0.0,81
llama2,fp32,32,2.4571789492000562e-08,3.221616005650435e-09,0.0,81
llama2,fp16,32,6.815147917116349e-06,1.7003740642174137e-06,0.0,64
llama2,fp32,32,4.206200129863724e-08,2.882836188516924e-09,0.0,64
llama2,fp16,32,1.1680211424724973e-06,2.923890208145208e-07,0.0,55
llama2,fp32,32,3.080024200269316e-08,6.330205901128316e-09,0.0,55
llama2,fp16,32,3.832367832856676e-06,9.573313334843014e-07,0.0,55
llama2,fp32,32,2.4314354668542038e-08,6.067631799777651e-09,0.0,55
llama2,fp16,32,5.695761846169489e-06,1.4221376224976545e-06,0.0,90
llama2,fp32,32,3.6908383682643375e-08,1.4158896444183e-08,0.0,90
llama2,fp16,32,6.038484705594982e-07,1.43283475501077e-07,0.0,58
llama2,fp32,32,1.4813750261188918e-08,4.7655752716431465e-09,0.0,58
llama2,fp16,32,3.1828043005610596e-06,7.933925113001727e-07,0.0,66
llama2,fp32,32,2.6144819031959088e-08,4.373337357185814e-09,0.0,66
llama2,fp16,32,1.0399645464787e-06,2.644055916989352e-07,0.0,98
llama2,fp32,32,2.5748961358929012e-08,1.8080171740189957e-09,0.0,98
llama2,fp16,32,5.470140760799325e-06,1.3678841667141839e-06,0.0,46
llama2,fp32,32,4.490970087478452e-08,9.520953733743731e-09,0.0,46
llama2,fp16,32,7.219492160204233e-06,1.8014261859433667e-06,0.0,47
llama2,fp32,32,1.7106988062232098e-08,8.710127563649195e-09,0.0,47
llama2,fp16,32,5.1137441431949355,0.34856305696299383,0.5625,63
llama2,fp32,32,3.1750379769768244e-08,1.840658549190355e-08,0.0,63
llama2,fp16,32,5.586920951095031e-06,1.3987079068855657e-06,0.0,47
llama2,fp32,32,2.9371407972433872e-08,1.1107000846832804e-08,0.0,47
llama2,fp16,32,7.038323292629656e-06,1.7531109576252035e-06,0.0,54
llama2,fp32,32,3.010398441638529e-08,9.010485649274536e-09,0.0,54
llama2,fp16,32,8.807797006182838e-07,2.2109117177315785e-07,0.0,51
llama2,fp32,32,2.7387202443385217e-08,3.854256854646243e-09,0.0,51
llama2,fp16,32,1.992818710494504e-06,5.02277847230781e-07,0.0,100
llama2,fp32,32,1.3682479232945965e-08,6.344238193817242e-09,0.0,100
llama2,fp16,32,2.552326473725941e-06,6.463046935412109e-07,0.0,46
llama2,fp32,32,2.6874799427534235e-08,4.31318317173357e-09,0.0,46
llama2,fp16,32,1.5877135479680504e-06,3.9818460252638577e-07,0.0,86
llama2,fp32,32,2.06933492841177e-08,3.5623640530502154e-09,0.0,86
llama2,fp16,32,6.784262643222405e-06,1.6982533308507186e-06,0.0,61
llama2,fp32,32,3.749432464505986e-08,9.311987153592938e-09,0.0,61
llama2,fp16,32,3.601965263388962e-06,8.891399155830371e-07,0.0,49
llama2,fp32,32,3.2902426713721233e-08,1.2425431149265531e-08,0.0,49
llama2,fp16,32,3.88409400109424e-06,9.694444520480516e-07,0.0,107
llama2,fp32,32,1.9988768560491588e-08,4.610860665499317e-09,0.0,107
llama2,fp16,32,5.590886960504804e-06,1.4013956957104057e-06,0.0,59
llama2,fp32,32,4.7473617592608264e-08,8.481567170814941e-09,0.0,59
llama2,fp16,32,1.0287119993623861e-06,2.642473214131691e-07,0.0,64
llama2,fp32,32,2.9094484571556833e-08,5.499156421895357e-09,0.0,64
llama2,fp16,32,8.591464775165036e-06,2.157382841261324e-06,0.0,95
llama2,fp32,32,4.511229589887478e-08,1.9142622348367055e-08,0.0,95
llama2,fp16,32,1.3777768728129303e-06,3.437659191751763e-07,0.0,71
llama2,fp32,32,1.4362135425383116e-08,3.0179382118356024e-09,0.0,71
llama2,fp16,32,6.3488481849560685e-06,1.600434674120521e-06,0.0,70
llama2,fp32,32,4.145866472349269e-08,1.1858100501527247e-08,0.0,70
llama2,fp16,32,5.891947040481682e-06,1.4699521866390342e-06,0.0,90
llama2,fp32,32,2.232650309075268e-08,1.0020105162267257e-08,0.0,90
llama2,fp16,32,4.330630658522239e-06,1.079953496518904e-06,0.0,56
llama2,fp32,32,1.707424539254543e-08,1.0162599864936561e-08,0.0,56
llama2,fp16,32,5.190407704525057e-06,1.3037611670263516e-06,0.0,60
llama2,fp32,32,3.555533079069306e-08,7.669317847458501e-09,0.0,60
llama2,fp16,32,5.141583019785401e-06,1.282646597822179e-06,0.0,63
llama2,fp32,32,3.505556711580482e-08,9.23112335876608e-09,0.0,63
llama2,fp16,32,4.131037108390245e-06,1.0422271998766774e-06,0.0,55
llama2,fp32,32,2.6440312522746368e-08,7.686871417167396e-09,0.0,55
llama2,fp16,32,9.944212858714607e-07,2.6131919012017946e-07,0.0,72
llama2,fp32,32,2.6622391794545175e-08,4.14297787049156e-09,0.0,72
llama2,fp16,32,7.716040377747646e-07,1.967834700744575e-07,0.0,32
llama2,fp32,32,2.2933578813777444e-08,4.902553051022718e-09,0.0,32
llama2,fp16,32,3.4490628784134003e-06,8.642573057771052e-07,0.0,71
llama2,fp32,32,3.571652529917209e-08,9.49175654046952e-09,0.0,71
llama2,fp16,32,2.4738367286891716e-06,6.102895915571782e-07,0.0,53
llama2,fp32,32,2.181093310539388e-08,3.778318749612496e-09,0.0,53
llama2,fp16,32,8.340509177529043e-06,2.091932500447591e-06,0.0,70
llama2,fp32,32,4.2880125117328305e-08,1.3792102682153029e-08,0.0,70
llama2,fp16,32,1.542052019409823e-06,3.728048405537976e-07,0.0,54
llama2,fp32,32,2.47529784447309e-08,7.235072957412214e-09,0.0,54
llama2,fp16,32,4.2246817058000374e-06,1.059163417860276e-06,0.0,99
llama2,fp32,32,3.509780949206842e-08,6.0638255389156015e-09,0.0,99
llama2,fp16,32,5.630029549896776e-06,1.4150965436665608e-06,0.0,79
llama2,fp32,32,2.5420891669458712e-08,9.387625177215142e-09,0.0,79
llama2,fp16,32,1.4174179053805247e-06,3.606570775638307e-07,0.0,69
llama2,fp32,32,2.3547628485998118e-08,5.285905624666243e-09,0.0,69
llama2,fp16,32,4.9236821133558095e-06,1.2277763317691814e-06,0.0,72
llama2,fp32,32,2.0779818532545846e-08,1.324134996094628e-08,0.0,72
llama2,fp16,32,2.0257970265724623e-06,5.01342274472627e-07,0.0,75
llama2,fp32,32,3.007041540770139e-08,3.0864740173386362e-09,0.0,75
llama2,fp16,32,3.828331906263749e-06,9.621967937967213e-07,0.0,60
llama2,fp32,32,3.627407250961223e-08,3.6173376655179723e-09,0.0,60
llama2,fp16,32,7.542403249516383e-06,1.8795745512223405e-06,0.0,77
llama2,fp32,32,2.9309608851058044e-08,1.3195041087543657e-08,0.0,77
llama2,fp16,32,1.5922588090244716e-06,3.912544667139528e-07,0.0,76
llama2,fp32,32,1.927251837285926e-08,2.1006352317332055e-09,0.0,76
llama2,fp16,32,3.4226348331056755e-06,8.588674010878705e-07,0.0,81
llama2,fp32,32,2.7118781942281345e-08,4.195900051018331e-09,0.0,81
llama2,fp16,32,1.5930235468530896e-06,3.9979722293859155e-07,0.0,80
llama2,fp32,32,2.2573057118597736e-08,6.435108629776129e-09,0.0,80
llama2,fp16,32,8.892025065154741e-07,2.226695240969967e-07,0.0,66
llama2,fp32,32,2.7183321892054746e-08,1.8074824137404022e-09,0.0,66
llama2,fp16,32,8.618905429358392e-06,2.1600735609084154e-06,0.0,60
llama2,fp32,32,3.206062371141627e-08,1.7399290591635364e-08,0.0,60
llama2,fp16,32,4.2054426181437066e-06,1.055069873912018e-06,0.0,79
llama2,fp32,32,3.227302852737424e-08,1.2146583822092438e-08,0.0,79
llama2,fp16,32,8.251745278187173e-07,1.943552482841504e-07,0.0,61
llama2,fp32,32,2.7505795766047392e-08,3.479033642769802e-09,0.0,61
llama2,fp16,32,5.4074569124844105,0.31480850931345494,0.5,73
llama2,fp32,32,2.7597846674609627e-08,1.1305395093176573e-08,0.0,73
llama2,fp16,32,3.1243157168070468e-06,7.789593002849315e-07,0.0,67
llama2,fp32,32,2.4330508135994577e-08,5.500853892184687e-09,0.0,67
llama2,fp16,32,1.8216793007397314e-06,4.4952924876939804e-07,0.0,56
llama2,fp32,32,2.651652061813614e-08,9.238685531876012e-09,0.0,56
llama2,fp16,32,4.8313102392061325e-06,1.2104373635496435e-06,0.0,51
llama2,fp32,32,1.2583667559351586e-08,5.769272041003526e-09,0.0,51
llama2,fp16,32,4.325800590621043e-06,1.0822406034671772e-06,0.0,104
llama2,fp32,32,3.1301694916607836e-08,6.154597626678582e-09,0.0,104
llama2,fp16,32,2.3305940595186314e-06,5.83026479289428e-07,0.0,80
llama2,fp32,32,2.6860491136870834e-08,1.033437013048255e-09,0.0,80
llama2,fp16,32,4.362585107831052e-06,1.086034123659596e-06,0.0,85
llama2,fp32,32,4.464102690282523e-08,1.1909630115436443e-08,0.0,85
llama2,fp16,32,1.5544400078226772e-06,3.8513559319497404e-07,0.0,88
llama2,fp32,32,1.912925436109436e-08,8.893939085208302e-09,0.0,88
llama2,fp16,32,5.502571582827187e-06,1.3660604673559895e-06,0.0,105
llama2,fp32,32,2.91117562278842e-08,9.146184115627065e-09,0.0,105
llama2,fp16,32,4.8673717971681185e-06,1.2168422803826573e-06,0.0,133
llama2,fp32,32,2.884024952187758e-08,6.046065221393393e-09,0.0,133
llama2,fp16,32,4.229759761997798e-06,1.0602697229078473e-06,0.0,51
llama2,fp32,32,1.6466122104707992e-08,1.156519119360766e-08,0.0,51
llama2,fp16,32,4.413747729969941e-06,1.097923267745493e-06,0.0,80
llama2,fp32,32,3.4966202128172696e-08,1.0444289422900654e-08,0.0,80
llama2,fp16,32,1.9244239075622005e-06,4.798396603389321e-07,0.0,41
llama2,fp32,32,1.8659257056130585e-08,7.976614340180974e-09,0.0,41
llama2,fp16,32,3.9235090118494576e-06,9.785505291903807e-07,0.0,70
llama2,fp32,32,2.6962382895789894e-08,9.036977011329939e-09,0.0,70
llama2,fp16,32,1.8590882435720602e-06,4.51823747665836e-07,0.0,59
llama2,fp32,32,2.4139328189121123e-08,4.330853212945046e-09,0.0,59
llama2,fp16,32,6.053437018316288e-07,1.603334067179496e-07,0.0,105
llama2,fp32,32,2.3484018618624702e-08,2.851901969788684e-10,0.0,105
llama2,fp16,32,4.166106261749292e-06,1.0444708966605987e-06,0.0,64
llama2,fp32,32,3.029550574989992e-08,4.221737550692828e-09,0.0,64
llama2,fp16,32,1.1058721578471875e-06,2.695061447344216e-07,0.0,78
llama2,fp32,32,2.4489152275486425e-08,2.9129243132169913e-09,0.0,78
llama2,fp16,32,2.1163104382271314e-06,5.312314921568362e-07,0.0,65
llama2,fp32,32,1.6143685790948048e-08,9.030609662841194e-09,0.0,65
llama2,fp16,32,4.906174595475932e-07,1.3162405476663253e-07,0.0,87
llama2,fp32,32,2.754886610761148e-08,4.584932956734622e-09,0.0,87
llama2,fp16,32,4.784515299505188e-06,1.1963488557586999e-06,0.0,77
llama2,fp32,32,1.689310247243725e-08,8.384709593300954e-09,0.0,77
llama2,fp16,32,1.2168186120931068e-06,3.17291162565958e-07,0.0,43
llama2,fp32,32,2.7556569165421152e-08,4.9556538612299805e-09,0.0,43
llama2,fp16,32,1.4400324515051466e-06,3.4969349707592023e-07,0.0,60
llama2,fp32,32,1.9705548456872002e-08,6.851776437888368e-09,0.0,60
llama2,fp16,32,1.322972615902529e-06,3.3155400683271274e-07,0.0,60
llama2,fp32,32,2.8971299869534617e-08,4.083127563055816e-09,0.0,60
llama2,fp16,32,2.093709555728296e-06,5.203948629795008e-07,0.0,73
llama2,fp32,32,2.940005083829078e-08,3.2351746906411627e-09,0.0,73
llama2,fp16,32,4.457507502664271e-06,1.113521422402286e-06,0.0,78
llama2,fp32,32,3.705982094814875e-08,7.99789751093627e-09,0.0,78
llama2,fp16,32,8.834547912783819e-06,2.2056417200433387e-06,0.0,67
llama2,fp32,32,2.3264109624832052e-08,1.0929768597556927e-08,0.0,67
llama2,fp16,32,6.264220271390286e-06,1.5622998486564121e-06,0.0,56
llama2,fp32,32,3.993555872106036e-08,5.261611486784279e-09,0.0,56
llama2,fp16,32,2.585864822102213e-06,6.484615813207029e-07,0.0,52
llama2,fp32,32,2.8484521186200595e-08,3.815814038007903e-09,0.0,52
llama2,fp16,32,1.0626120865442346e-06,2.6153979909571134e-07,0.0,42
llama2,fp32,32,3.8154218083563674e-08,2.9326374592630877e-09,0.0,42
llama2,fp16,32,1.0687761467509382e-06,2.7313226584613215e-07,0.0,43
llama2,fp32,32,1.8882336726318283e-08,5.2653381960466455e-09,0.0,43
llama2,fp16,32,7.05767825781578e-06,1.7643326610805588e-06,0.0,54
llama2,fp32,32,2.9616431848622504e-08,8.947676072290633e-09,0.0,54
llama2,fp16,32,4.716024782691619e-06,1.177092508852784e-06,0.0,93
llama2,fp32,32,2.3372862201220812e-08,1.0229761780722324e-08,0.0,93
llama2,fp16,32,9.384909848364487e-06,2.3414801733068202e-06,0.0,91
llama2,fp32,32,3.111749753703652e-08,1.6706966088353425e-08,0.0,91
llama2,fp16,32,3.413935431684223e-06,8.443821516851413e-07,0.0,84
llama2,fp32,32,2.128907393428303e-08,6.647596178382953e-09,0.0,84
llama2,fp16,32,8.30254054329238e-06,2.0742015295616145e-06,0.0,45
llama2,fp32,32,3.9371837859403236e-08,1.1925825708913873e-08,0.0,45
llama2,fp16,32,7.644477506119074e-06,1.91367215673921e-06,0.0,86
llama2,fp32,32,3.898960387882511e-08,1.8878556107271294e-08,0.0,86
llama2,fp16,32,1.8123883434029153e-06,4.451750562628476e-07,0.0,48
llama2,fp32,32,2.5140623860497868e-08,7.94669333809006e-09,0.0,48
llama2,fp16,32,3.5851914483853164e-06,8.949934812152449e-07,0.0,80
llama2,fp32,32,1.944859558296319e-08,5.850235275465512e-09,0.0,80
llama2,fp16,32,6.706314880422504e-06,1.6898124153286176e-06,0.0,114
llama2,fp32,32,4.075597709318757e-08,7.65532748303599e-09,0.0,114
llama2,fp16,32,2.658113180009636e-06,6.567212798569422e-07,0.0,47
llama2,fp32,32,2.5895326716263156e-08,1.5525611629652047e-09,0.0,47
llama2,fp16,32,5.787070991247756e-06,1.4352372627937648e-06,0.0,73
llama2,fp32,32,2.6329446109474297e-08,6.510987943242341e-09,0.0,73
llama2,fp16,32,6.382246424074811e-06,1.588434490634727e-06,0.0,70
llama2,fp32,32,2.968371963854577e-08,9.185575623044118e-09,0.0,70
llama2,fp16,32,1.4532758418894787e-06,3.594524900507601e-07,0.0,39
llama2,fp32,32,1.6551816943953523e-08,3.2663468579191557e-09,0.0,39
llama2,fp16,32,6.122065394631448e-07,1.4719288113362872e-07,0.0,97
llama2,fp32,32,2.2987533092322376e-08,2.4427901090806614e-09,0.0,97
llama2,fp16,32,6.7714531173379555e-06,1.708253080490163e-06,0.0,110
llama2,fp32,32,3.553328320471394e-08,1.4403443021615558e-08,0.0,110
llama2,fp16,32,8.321270796862734e-06,2.0863145517857618e-06,0.0,125
llama2,fp32,32,4.9901466792068305e-08,1.5498449051909446e-08,0.0,125
llama2,fp16,32,9.979765930534512e-06,2.4978281488730047e-06,0.0,70
llama2,fp32,32,2.544448250360598e-08,9.19854879766202e-09,0.0,70
llama2,fp16,32,2.627796469090171e-06,6.487595616833097e-07,0.0,49
llama2,fp32,32,2.728320524364447e-08,4.571042697132377e-09,0.0,49
llama2,fp16,32,7.966857089591883e-07,1.8634847578913316e-07,0.0,66
llama2,fp32,32,1.1461297744208565e-08,4.454192304922944e-09,0.0,66
llama2,fp16,32,2.7984400923219965e-06,6.962844526711698e-07,0.0,53
llama2,fp32,32,2.4548567449655945e-08,4.542458188240561e-09,0.0,53
llama2,fp16,32,8.160886086128194e-06,2.049129241316061e-06,0.0,68
llama2,fp32,32,3.9213125302417495e-08,1.0951449830320925e-08,0.0,68
llama2,fp16,32,8.324026017803021e-06,2.0806735762102235e-06,0.0,59
llama2,fp32,32,5.02072887709204e-08,1.2465819931861688e-08,0.0,59
llama2,fp16,32,1.6789039702924669e-06,4.208889880091826e-07,0.0,81
llama2,fp32,32,1.1817986297901761e-08,4.8399422108991175e-09,0.0,81
llama2,fp16,32,9.461351746509195e-07,2.3715756264364174e-07,0.0,53
llama2,fp32,32,2.3376875366021288e-08,8.253002151473177e-09,0.0,53
llama2,fp16,32,6.408146413061644e-06,1.604614042471919e-06,0.0,92
llama2,fp32,32,2.2165800750428843e-08,1.1190501858493462e-08,0.0,92
llama2,fp16,32,1.0784884345582668e-06,2.774967037821874e-07,0.0,47
llama2,fp32,32,1.6094236304775578e-08,6.9990529968921855e-09,0.0,47
llama2,fp16,32,8.262099000955203e-06,2.072949206982644e-06,0.0,63
llama2,fp32,32,2.1894030199920422e-08,5.157844092801289e-09,0.0,63
llama2,fp16,32,2.198556858845624e-06,5.458783603473627e-07,0.0,35
llama2,fp32,32,1.813356460649007e-08,4.287066651328941e-09,0.0,35
llama2,fp16,32,7.1289717578082445e-06,1.7875990754312454e-06,0.0,46
llama2,fp32,32,4.453096213996588e-08,1.2191526177485201e-08,0.0,46
llama2,fp16,32,2.060519173063824e-06,5.029900469466497e-07,0.0,47
llama2,fp32,32,3.0002595859113246e-08,5.018003321893838e-09,0.0,47
llama2,fp16,32,5.842977237158209e-06,1.4731763876563164e-06,0.0,139
llama2,fp32,32,1.8807057744485434e-08,1.0258463571666265e-08,0.0,139
llama2,fp16,32,5.558551464446282e-06,1.3865023920089925e-06,0.0,135
llama2,fp32,32,2.014097504401957e-08,1.3500031481594732e-08,0.0,135
llama2,fp16,32,7.6109459419271275e-06,1.906738435475397e-06,0.0,54
llama2,fp32,32,3.2486900392036944e-08,1.2233578344789109e-08,0.0,54
llama2,fp16,32,2.118402753215065e-06,5.295948310446441e-07,0.0,45
llama2,fp32,32,1.8372574156488852e-08,9.519818454373219e-09,0.0,45
llama2,fp16,32,1.008785879941243e-06,2.501306255453528e-07,0.0,40
llama2,fp32,32,3.5854367488874495e-08,3.475930383800563e-09,0.0,40
llama2,fp16,32,1.7890433664513594e-06,4.4704259100081245e-07,0.0,135
llama2,fp32,32,1.64375502445524e-08,5.2670122607963166e-09,0.0,135
llama2,fp16,32,6.1986644075417985e-06,1.5473333649929089e-06,0.0,74
llama2,fp32,32,4.380479423637951e-08,7.771107757292839e-09,0.0,74
llama2,fp16,32,1.0694548495671086e-06,2.690058570342657e-07,0.0,41
llama2,fp32,32,2.6157780490254634e-08,4.3262586291170635e-09,0.0,41
llama2,fp16,32,8.353712612318986e-06,2.088103641550987e-06,0.0,91
llama2,fp32,32,3.7665470298264836e-08,5.970047567416259e-09,0.0,91
llama2,fp16,32,5.757208989543017e-07,1.3995678685430057e-07,0.0,88
llama2,fp32,32,1.7538891283752633e-08,4.2686171403127915e-09,0.0,88
llama2,fp16,32,7.0289609293006095e-06,1.7689913036633698e-06,0.0,83
llama2,fp32,32,4.020244120939154e-08,7.52781836865779e-09,0.0,83
llama2,fp16,32,3.4345914822209167e-06,8.593086363514746e-07,0.0,61
llama2,fp32,32,2.9687919747556357e-08,6.854326203842298e-09,0.0,61
llama2,fp16,32,4.595506132909488e-06,1.158847430612897e-06,0.0,59
llama2,fp32,32,3.599528186626344e-08,7.434009824391907e-09,0.0,59
llama2,fp16,32,9.979155288775132e-07,2.5501867417787594e-07,0.0,79
llama2,fp32,32,3.855808537733818e-08,3.2399848377134832e-09,0.0,79
llama2,fp16,32,5.341984511630926e-06,1.3292345308890674e-06,0.0,68
llama2,fp32,32,2.009285271498129e-08,1.0692225785313703e-08,0.0,68
llama2,fp16,32,1.4495468262376576e-06,3.6265780598010444e-07,0.0,43
llama2,fp32,32,4.3917918524094546e-08,3.3652039141407464e-09,0.0,43
llama2,fp16,32,6.4250329581128085e-06,1.592572646647028e-06,0.0,127
llama2,fp32,32,4.3328404170095425e-08,4.817476903506979e-09,0.0,127
llama2,fp16,32,1.143202284392686e-06,2.9728308631460365e-07,0.0,60
llama2,fp32,32,1.9453396310487037e-08,6.158633547581616e-09,0.0,60
llama2,fp16,32,6.467634656726062e-07,1.7127908030767358e-07,0.0,48
llama2,fp32,32,2.2271216149061246e-08,4.377333003013906e-09,0.0,48
llama2,fp16,32,2.3438783782747663e-06,5.834737359100561e-07,0.0,112
llama2,fp32,32,1.4757139635279692e-08,6.082789196924961e-09,0.0,112
llama2,fp16,32,9.406453987725882e-06,2.3452808846080586e-06,0.0,142
llama2,fp32,32,2.4193731996101364e-08,1.0065383068691425e-08,0.0,142
llama2,fp16,32,5.0209933640799065e-06,1.2509282296402358e-06,0.0,106
llama2,fp32,32,2.8038247534487026e-08,1.0440109431911898e-08,0.0,106
llama2,fp16,32,7.022552903190871e-06,1.7472655806649584e-06,0.0,62
llama2,fp32,32,4.1220805352404355e-08,1.7119139154864182e-08,0.0,62
llama2,fp16,32,4.653150845967957e-06,1.1646688123090332e-06,0.0,38
llama2,fp32,32,2.5250983595737075e-08,9.587904058368235e-09,0.0,38
llama2,fp16,32,0.48720085079391806,0.03338985138311837,0.09375,75
llama2,fp32,32,2.3641917302336113e-08,1.6710451953378877e-08,0.0,75
llama2,fp16,32,1.4566374715307973e-06,3.56166656556578e-07,0.0,52
llama2,fp32,32,1.6613664020892482e-08,4.186685439305782e-09,0.0,52
llama2,fp16,32,2.176704648082506e-06,5.475889820472091e-07,0.0,50
llama2,fp32,32,2.4300499334994896e-08,8.418054843473133e-09,0.0,50
llama2,fp16,32,1.4000174324291237e-06,3.5864888617981316e-07,0.0,69
llama2,fp32,32,2.1902825886321864e-08,2.070073377470616e-09,0.0,69
llama2,fp16,32,7.812923605854394e-07,1.880449343460988e-07,0.0,44
llama2,fp32,32,2.3779772297116697e-08,3.1902723657273313e-09,0.0,44
llama2,fp16,32,8.159886786263115e-07,2.1174963021897142e-07,0.0,52
llama2,fp32,32,2.5141689362351283e-08,6.759504622699808e-10,0.0,52
llama2,fp16,32,3.6002114373601124e-06,9.071786976205809e-07,0.0,82
llama2,fp32,32,1.9720196840072868e-08,6.227704364464466e-09,0.0,82
llama2,fp16,32,4.7634778871374905e-06,1.200268020584705e-06,0.0,51
llama2,fp32,32,2.6194871841078715e-08,1.4132469694505545e-08,0.0,51
llama2,fp16,32,6.507102380703955e-06,1.6169753092043493e-06,0.0,58
llama2,fp32,32,4.009539292249009e-08,6.908382566093302e-09,0.0,58
llama2,fp16,32,7.19639981738851e-06,1.7906354426930338e-06,0.0,53
llama2,fp32,32,1.4817969594405067e-08,1.0182615806098028e-08,0.0,53
llama2,fp16,32,5.5994049246166355e-06,1.3950587970379402e-06,0.0,101
llama2,fp32,32,5.478153780602568e-08,4.094965685985663e-09,0.0,101
llama2,fp16,32,2.0230675752408445e-06,5.041293493768251e-07,0.0,49
llama2,fp32,32,2.201382165445409e-08,3.485860199450852e-09,0.0,49
llama2,fp16,32,2.706827040954707e-06,6.754442429812713e-07,0.0,92
llama2,fp32,32,2.431228973698296e-08,7.282064000413424e-09,0.0,92
llama2,fp16,32,4.5536306347848665e-06,1.1285318835818625e-06,0.0,50
llama2,fp32,32,1.8068865023992964e-08,1.058481624441679e-08,0.0,50
llama2,fp16,32,6.722614347975941e-07,1.620814808755977e-07,0.0,61
llama2,fp32,32,1.9889338717660188e-08,3.5549992767267002e-09,0.0,61
llama2,fp16,32,6.816544528831514e-06,1.708526831567525e-06,0.0,42
llama2,fp32,32,2.152777694996999e-08,6.83351779329211e-09,0.0,42
llama2,fp16,32,8.559436260213715e-06,2.1377558834245747e-06,0.0,77
llama2,fp32,32,2.448841890378972e-08,1.139299818375683e-08,0.0,77
llama2,fp16,32,6.495610062468016e-06,1.6204751594056654e-06,0.0,57
llama2,fp32,32,1.7487248657379467e-08,7.259229075490259e-09,0.0,57
llama2,fp16,22,1.2653350681417082e-05,3.1498475066509872e-06,0.0,108
llama2,fp32,22,2.4835117800653898e-08,4.372309302492671e-09,0.0,108
llama2,fp16,32,5.285579036673482e-06,1.3309783045145629e-06,0.0,113
llama2,fp32,32,5.1302009876352805e-08,1.3621787392503748e-08,0.0,113
llama2,fp16,32,1.234467899458025e-06,3.047456005322857e-07,0.0,71
llama2,fp32,32,1.82202208043325e-08,5.262319219268008e-09,0.0,71
llama2,fp16,32,6.677826687395694e-06,1.6686382014463597e-06,0.0,45
llama2,fp32,32,3.237064674296852e-08,8.624271057716681e-09,0.0,45
llama2,fp16,32,4.843694925371622e-06,1.2155663861035393e-06,0.0,64
llama2,fp32,32,2.608075845220159e-08,8.019386085744706e-09,0.0,64
llama2,fp16,32,4.738919165081512e-06,1.181983737719161e-06,0.0,41
llama2,fp32,32,1.8318287116347864e-08,4.931443031708227e-09,0.0,41
llama2,fp16,32,3.949540390735251e-06,9.846799739476886e-07,0.0,52
llama2,fp32,32,1.7983748067107452e-08,9.749556930879755e-09,0.0,52
llama2,fp16,32,4.4368407561279355e-06,1.1048449679584849e-06,0.0,86
llama2,fp32,32,2.2078757995480647e-08,1.0156547319319087e-08,0.0,86
llama2,fp16,32,6.7997158836874405e-06,1.7088265660269997e-06,0.0,60
llama2,fp32,32,3.059110187386693e-08,6.988212619685186e-09,0.0,60
llama2,fp16,32,1.7393613701566224e-06,4.442752812583439e-07,0.0,55
llama2,fp32,32,3.7392756593347676e-08,4.653763363224057e-09,0.0,55
llama2,fp16,32,7.435197261429494e-06,1.857642361269285e-06,0.0,60
llama2,fp32,32,3.144462901172318e-08,1.7052328521449667e-08,0.0,60
llama2,fp16,32,6.250090692105914e-06,1.5554698603037487e-06,0.0,50
llama2,fp32,32,2.5760685584685916e-08,1.0994494425986545e-08,0.0,50
llama2,fp16,32,5.016336394270127e-06,1.2585501379946962e-06,0.0,58
llama2,fp32,32,2.6866207966658173e-08,8.799008155337823e-09,0.0,58
llama2,fp16,32,9.758216108490814e-07,2.52115863408342e-07,0.0,56
llama2,fp32,32,2.4698116107835233e-08,6.455930942617094e-09,0.0,56
llama2,fp16,32,1.3249588505237497e-06,3.2968081466189236e-07,0.0,54
llama2,fp32,32,1.6766051741390342e-08,3.605903235726071e-09,0.0,54
llama2,fp16,32,4.256948713532438e-06,1.0657793176882535e-06,0.0,49
llama2,fp32,32,3.3653539233124974e-08,7.493256876101029e-09,0.0,49
llama2,fp16,32,8.17642169037569e-06,2.0393349610681177e-06,0.0,184
llama2,fp32,32,5.492181942567953e-08,7.783888630874536e-09,0.0,184
llama2,fp16,32,5.399922737514551e-06,1.3508291565739183e-06,0.0,111
llama2,fp32,32,2.1221411549907088e-08,1.2117207992198842e-08,0.0,111
llama2,fp16,32,3.0703382353017283e-06,7.537932546954756e-07,0.0,58
llama2,fp32,32,1.6129585927310286e-08,2.3704152720543936e-09,0.0,58
llama2,fp16,32,8.931412001089711e-06,2.236541661981839e-06,0.0,83
llama2,fp32,32,2.986118685655015e-08,1.5387920715426162e-08,0.0,83
llama2,fp16,32,4.393794194701428e-06,1.0933407691426922e-06,0.0,71
llama2,fp32,32,2.8141022345717914e-08,1.0103706551967129e-08,0.0,71
llama2,fp16,32,1.9299842302089587e-06,4.829281226859106e-07,0.0,42
llama2,fp32,32,3.004621573765576e-08,3.963832460179839e-09,0.0,42
llama2,fp16,32,1.106331346889533e-05,2.7662211783407997e-06,0.0,43
llama2,fp32,32,4.1649561244305744e-08,7.833776072274645e-09,0.0,43
llama2,fp16,32,1.3116761892195683e-06,3.266440746635402e-07,0.0,75
llama2,fp32,32,2.8589766942754835e-08,2.1544796294237223e-09,0.0,75
llama2,fp16,32,5.4177049739756455e-06,1.3452130981361776e-06,0.0,161
llama2,fp32,32,3.955529694413262e-08,7.0804736563862686e-09,0.0,161
llama2,fp16,32,7.97001710850509e-06,1.987508440493002e-06,0.0,102
llama2,fp32,32,2.358106687694317e-08,8.4144558404331e-09,0.0,102
llama2,fp16,32,1.1531502219219725e-06,2.87913963323283e-07,0.0,70
llama2,fp32,32,1.710480087430133e-08,4.177073572881468e-09,0.0,70
llama2,fp16,32,2.081135255904698e-06,5.208084465357921e-07,0.0,68
llama2,fp32,32,1.2165378560427542e-08,3.8529590824266935e-09,0.0,68
llama2,fp16,32,6.310496550865352e-07,1.5538714988327929e-07,0.0,74
llama2,fp32,32,1.8016499899603522e-08,1.3450080491635846e-09,0.0,74
llama2,fp16,32,1.272263332685597e-06,3.2065465616071265e-07,0.0,55
llama2,fp32,32,2.3062633101866847e-08,3.548467276959233e-09,0.0,55
llama2,fp16,32,5.772538222259538e-06,1.4366453268341295e-06,0.0,59
llama2,fp32,32,3.425967257109086e-08,1.3389698225174662e-08,0.0,59
llama2,fp16,32,1.005532170125778e-06,2.580865407428301e-07,0.0,62
llama2,fp32,32,1.654186594646223e-08,6.4572750640458365e-09,0.0,62
llama2,fp16,32,4.1100771885904663e-07,9.75941547298742e-08,0.0,60
llama2,fp32,32,3.4602729775262686e-08,4.028945716871672e-09,0.0,60
llama2,fp16,32,1.5021659474090399e-06,3.788300287632662e-07,0.0,51
llama2,fp32,32,3.3407342326513545e-08,1.066908988846954e-08,0.0,51
llama2,fp16,32,5.0379329863403655e-06,1.2582963297980143e-06,0.0,75
llama2,fp32,32,3.742437082454586e-08,1.2082976647009858e-08,0.0,75
llama2,fp16,32,1.3034402295275527e-06,3.222620875084625e-07,0.0,67
llama2,fp32,32,1.4306404595709754e-08,5.958636362102254e-09,0.0,67
llama2,fp16,32,1.3926676467601595e-06,3.498334015666904e-07,0.0,53
llama2,fp32,32,1.8592149514384815e-08,1.34458761312517e-09,0.0,53
llama2,fp16,32,2.164398877457785e-06,5.455376433927128e-07,0.0,49
llama2,fp32,32,2.310472077549086e-08,3.538735110497626e-09,0.0,49
llama2,fp16,32,1.0070825860353239e-05,2.5097148389496837e-06,0.0,74
llama2,fp32,32,3.260412467787077e-08,1.13286127284562e-08,0.0,74
llama2,fp16,32,9.382259686330219e-06,2.342619046483141e-06,0.0,64
llama2,fp32,32,2.7314861913985133e-08,9.845738307978635e-09,0.0,64
llama2,fp16,32,5.629745734481162e-06,1.4055472883356401e-06,0.0,67
llama2,fp32,32,2.777041019363935e-08,6.590231665937196e-09,0.0,67
llama2,fp16,32,1.139414171569264e-06,2.769203582969615e-07,0.0,49
llama2,fp32,32,1.8727378245375625e-08,9.819647352193872e-09,0.0,49
llama2,fp16,32,9.371676399361206e-06,2.346854334311921e-06,0.0,52
llama2,fp32,32,2.5275492643306308e-08,1.0703989430926875e-08,0.0,52
llama2,fp16,32,7.407491600996963e-06,1.8485452427663418e-06,0.0,71
llama2,fp32,32,3.2739136068826724e-08,9.933737138423382e-09,0.0,71
llama2,fp16,32,1.7453749818763242e-06,4.4257855377760613e-07,0.0,65
llama2,fp32,32,1.684175282828243e-08,1.0292649928428203e-08,0.0,65
llama2,fp16,32,5.906163925928354e-06,1.470587061014328e-06,0.0,87
llama2,fp32,32,2.179850966399499e-08,9.211620910498652e-09,0.0,87
llama2,fp16,32,6.282881559016573e-06,1.5608194980920587e-06,0.0,107
llama2,fp32,32,3.178791072033782e-08,7.354433654085946e-09,0.0,107
llama2,fp16,32,1.2795286128408634e-06,3.1723665239180576e-07,0.0,93
llama2,fp32,32,2.6189346455374185e-08,8.324764606826296e-09,0.0,93
llama2,fp16,32,7.045835556107605e-07,1.7046307753884604e-07,0.0,69
llama2,fp32,32,2.7348806737933357e-08,2.9855060730468036e-09,0.0,69
llama2,fp16,32,6.055000974392044e-06,1.5029916635711515e-06,0.0,78
llama2,fp32,32,2.34279892707967e-08,1.5575485026730895e-08,0.0,78
llama2,fp16,32,4.1724838970580436e-06,1.0465059462061443e-06,0.0,52
llama2,fp32,32,2.5506852657786183e-08,5.226051036366641e-09,0.0,52
llama2,fp16,32,8.306204154484575e-07,2.2021546705608408e-07,0.0,88
llama2,fp32,32,2.6831693705417492e-08,3.3372316160518167e-09,0.0,88
llama2,fp16,32,5.753192742652402e-06,1.4395991422277987e-06,0.0,93
llama2,fp32,32,2.6198245572928158e-08,1.104897191100962e-08,0.0,93
llama2,fp16,32,6.923209578957312e-06,1.719877679218218e-06,0.0,80
llama2,fp32,32,2.8926151501851294e-08,6.879908000072266e-09,0.0,80
llama2,fp16,32,4.552715564987153e-06,1.1300267228619987e-06,0.0,64
llama2,fp32,32,3.552724492372761e-08,7.422169490123309e-09,0.0,64
llama2,fp16,32,9.24833048188134e-06,2.3100262387387716e-06,0.0,66
llama2,fp32,32,3.7304657474201974e-08,1.2842375649024795e-08,0.0,66
llama2,fp16,32,3.6960155755938473e-06,9.251414660460533e-07,0.0,46
llama2,fp32,32,2.3844135194073246e-08,1.3199557228477099e-08,0.0,46
llama2,fp16,32,1.01567388703927e-05,2.541059879845875e-06,0.0,149
llama2,fp32,32,2.902839722762618e-08,9.877067691510533e-09,0.0,149
llama2,fp16,32,5.875627553386664e-06,1.4642650895124731e-06,0.0,77
llama2,fp32,32,3.6190790211887425e-08,7.224014584444882e-09,0.0,77
llama2,fp16,32,2.4810150354159788e-06,6.248457437574295e-07,0.0,57
llama2,fp32,32,2.2445008254767806e-08,5.708968374429357e-09,0.0,57
llama2,fp16,32,8.613455690920091e-06,2.148918205213679e-06,0.0,89
llama2,fp32,32,4.58076832299259e-08,8.940088155884318e-09,0.0,89
llama2,fp16,32,1.469459484537694e-06,3.631330909581454e-07,0.0,81
llama2,fp32,32,2.8313909198988962e-08,4.877946331149213e-09,0.0,81
llama2,fp16,32,5.255036074625075e-07,1.2839614441095826e-07,0.0,49
llama2,fp32,32,2.3613772968250624e-08,2.862299126882295e-09,0.0,49
llama2,fp16,32,1.6262376667519618e-06,4.103860977988649e-07,0.0,67
llama2,fp32,32,1.893121825968791e-08,1.8032724805164312e-09,0.0,67
llama2,fp16,32,6.61111361210942e-07,1.637897323603088e-07,0.0,71
llama2,fp32,32,3.003150791935916e-08,1.611546326940605e-09,0.0,71
llama2,fp16,32,7.574181676517355e-06,1.889488077111423e-06,0.0,45
llama2,fp32,32,3.262827485972508e-08,1.478157871191016e-08,0.0,45
llama2,fp16,32,5.3116218354798406e-06,1.3466327864475325e-06,0.0,61
llama2,fp32,32,3.0447535381838975e-08,5.742835082478415e-09,0.0,61
llama2,fp16,32,1.5245103520689085e-06,3.927437280948354e-07,0.0,39
llama2,fp32,32,4.0591784045140855e-08,5.88271336504631e-09,0.0,39
llama2,fp16,32,7.2167466251826795e-06,1.8104109775762822e-06,0.0,81
llama2,fp32,32,1.753406031479443e-08,1.1167383018317878e-08,0.0,81
llama2,fp16,32,2.8887006258138115e-06,7.309327500343299e-07,0.0,44
llama2,fp32,32,2.9515378058178436e-08,1.1432155444524028e-08,0.0,44
llama2,fp16,32,3.0932257766291826e-06,7.738869249873659e-07,0.0,36
llama2,fp32,32,2.5804259562445253e-08,1.169997108918519e-08,0.0,36
llama2,fp16,32,9.21920636010043e-06,2.3046273633364756e-06,0.0,76
llama2,fp32,32,2.928068854046728e-08,1.4754697574836939e-08,0.0,76
llama2,fp16,32,6.1521700345235075e-06,1.5426751158731378e-06,0.0,81
llama2,fp32,32,3.892208843593592e-08,1.1116745746164725e-08,0.0,81
llama2,fp16,32,7.432519685268701e-07,1.896273952584071e-07,0.0,100
llama2,fp32,32,1.5909353796601106e-08,3.263056156006805e-09,0.0,100
llama2,fp16,32,3.5982157431391215e-06,8.964031959213248e-07,0.0,70
llama2,fp32,32,3.4041755182095956e-08,3.1047874072057113e-09,0.0,70
llama2,fp16,32,7.122533526970898e-06,1.7785052108809651e-06,0.0,60
llama2,fp32,32,3.845499879640002e-08,1.0010940267729529e-08,0.0,60
llama2,fp16,32,5.984048769391848e-06,1.4839259663557147e-06,0.0,56
llama2,fp32,32,1.43354201981305e-08,8.48490895599685e-09,0.0,56
llama2,fp16,32,7.577004948799981e-06,1.9007071281329502e-06,0.0,76
llama2,fp32,32,3.455838378657594e-08,7.3557642477073415e-09,0.0,76
llama2,fp16,32,2.054150552766032e-06,5.156172548925753e-07,0.0,81
llama2,fp32,32,3.05300296501998e-08,4.35582830915493e-09,0.0,81
llama2,fp16,32,9.240944741861767e-06,2.299877300937503e-06,0.0,48
llama2,fp32,32,3.0016539920296736e-08,1.0946537037925808e-08,0.0,48
llama2,fp16,32,6.1836963529682265e-06,1.5470374247206209e-06,0.0,115
llama2,fp32,32,3.205983763708564e-08,1.8597007695950185e-08,0.0,115
llama2,fp16,32,1.6088666399682872e-06,4.060750875833907e-07,0.0,82
llama2,fp32,32,2.7684411096906558e-08,2.3183337367893575e-09,0.0,82
llama2,fp16,32,5.39593667392424e-06,1.3525985524953654e-06,0.0,72
llama2,fp32,32,2.745062041564772e-08,9.296099005157155e-09,0.0,72
llama2,fp16,32,5.018614253948783e-06,1.252331724987954e-06,0.0,55
llama2,fp32,32,3.703741744548461e-08,1.1670031066501885e-08,0.0,55
llama2,fp16,32,2.014299167019118e-06,5.064792297088117e-07,0.0,54
llama2,fp32,32,2.1573901241855875e-08,7.052856913075667e-09,0.0,54
llama2,fp16,32,4.130529465129484e-06,1.0393959270493802e-06,0.0,111
llama2,fp32,32,1.8953761837803285e-08,7.814119367191563e-09,0.0,111
llama2,fp16,32,7.75502934313721e-07,1.9915507445261715e-07,0.0,70
llama2,fp32,32,1.545205852030232e-08,3.5173146895051133e-09,0.0,70
llama2,fp16,32,1.1573807499054567e-06,2.858542875738834e-07,0.0,62
llama2,fp32,32,1.977867512825693e-08,7.937962377690955e-09,0.0,62
llama2,fp16,32,1.189798925160801e-06,2.886361107623525e-07,0.0,46
llama2,fp32,32,2.7136476982159152e-08,4.511674513152375e-09,0.0,46
llama2,fp16,32,1.3655335544537905e-06,3.3479113163703556e-07,0.0,71
llama2,fp32,32,1.085597212124867e-08,2.5044746112048988e-09,0.0,71
llama2,fp16,32,4.434655466775683e-06,1.114681500519188e-06,0.0,45
llama2,fp32,32,2.6491163346298308e-08,6.508531178416044e-09,0.0,45
llama2,fp16,32,1.5086352345150544e-06,3.815681192675946e-07,0.0,39
llama2,fp32,32,1.3418533022571677e-08,3.011526495191874e-09,0.0,39
llama2,fp16,32,3.019826189942787e-06,7.536735735988453e-07,0.0,78
llama2,fp32,32,2.995329506649824e-08,4.575124739995828e-09,0.0,78
llama2,fp16,32,6.027544376507876e-06,1.5040422155498945e-06,0.0,66
llama2,fp32,32,3.888045219113678e-08,1.4592215297204447e-08,0.0,66
llama2,fp16,32,4.356835476393428e-06,1.0944100963250492e-06,0.0,60
llama2,fp32,32,2.652495351140871e-08,3.449986851755682e-09,0.0,60
llama2,fp16,32,1.0530212083637025e-05,2.6345168039065836e-06,0.0,73
llama2,fp32,32,4.057528918410824e-08,1.2829028339655935e-08,0.0,73
llama2,fp16,32,1.2350695230978204e-06,3.0058228242535456e-07,0.0,33
llama2,fp32,32,2.6119994084305986e-08,4.823857292779454e-09,0.0,33
llama2,fp16,32,7.442625237885636e-06,1.860682295573568e-06,0.0,88
llama2,fp32,32,3.372298107429117e-08,1.0252944035449296e-08,0.0,88
llama2,fp16,32,5.263412195866124e-06,1.310362192752379e-06,0.0,73
llama2,fp32,32,2.4188975739081187e-08,8.863063043901276e-09,0.0,73
llama2,fp16,32,6.259058767277281e-06,1.5590795000575142e-06,0.0,48
llama2,fp32,32,1.2233083213075702e-08,1.3734554091260343e-08,0.0,48
llama2,fp16,32,8.591603887719845e-06,2.160168675602314e-06,0.0,44
llama2,fp32,32,3.69227783417192e-08,1.1709795289666092e-08,0.0,44
llama2,fp16,32,3.908815081832273e-06,9.657121833317461e-07,0.0,58
llama2,fp32,32,4.20068300144294e-08,9.414038409927272e-09,0.0,58
llama2,fp16,32,6.547838554693541e-06,1.6498067791359539e-06,0.0,69
llama2,fp32,32,3.1902686048468354e-08,1.0786866289080876e-08,0.0,69
llama2,fp16,32,5.9680736819167635e-06,1.5006618531709925e-06,0.0,68
llama2,fp32,32,3.773629494996378e-08,7.875444334864978e-09,0.0,68
llama2,fp16,32,1.9200780606576373e-06,4.7453364500349426e-07,0.0,64
llama2,fp32,32,1.3845360948006036e-08,7.178018101346856e-09,0.0,64
llama2,fp16,32,1.969328951023641e-06,4.833881034338461e-07,0.0,31
llama2,fp32,32,2.8575950855591614e-08,6.6342455973256165e-09,0.0,31
llama2,fp16,32,9.997522945059956e-07,2.4671843582013686e-07,0.0,51
llama2,fp32,32,1.384628015022038e-08,3.766210631556133e-09,0.0,51
llama2,fp16,32,6.856615519579279e-06,1.7143848000666928e-06,0.0,72
llama2,fp32,32,2.816644784076061e-08,1.0122065435824723e-08,0.0,72
llama2,fp16,32,2.3366679937630863e-06,5.793245215213183e-07,0.0,43
llama2,fp32,32,3.224122838152432e-08,5.559231262830533e-09,0.0,43
llama2,fp16,32,3.932655052052425e-06,9.746605241223172e-07,0.0,126
llama2,fp32,32,3.8783551453702714e-08,7.626806162314148e-09,0.0,126
llama2,fp16,32,2.964353678081011e-06,7.356250646406437e-07,0.0,39
llama2,fp32,32,4.9274698155077346e-08,1.0683953222123677e-08,0.0,39
llama2,fp16,32,5.280099100057889e-06,1.3089264921384292e-06,0.0,62
llama2,fp32,32,1.7543376779061148e-08,6.745393913570874e-09,0.0,62
llama2,fp16,32,3.107639095167869e-06,7.743559903988784e-07,0.0,49
llama2,fp32,32,1.9510521713636195e-08,7.957108877343615e-09,0.0,49
llama2,fp16,32,7.162321268294747e-07,1.7652348613395041e-07,0.0,75
llama2,fp32,32,3.5018828080379816e-08,1.8994519446896563e-09,0.0,75
llama2,fp16,32,7.431862145311115,0.5541951642627154,0.875,71
llama2,fp32,32,3.337254317337113e-08,5.82510095714639e-09,0.0,71
llama2,fp16,32,8.530886100865942e-07,2.0663384753261127e-07,0.0,76
llama2,fp32,32,1.679863050399466e-08,5.4251572726392305e-09,0.0,76
llama2,fp16,32,9.482727081344677e-07,2.406766371199076e-07,0.0,48
llama2,fp32,32,2.301159162786809e-08,3.6610169177903745e-09,0.0,48
llama2,fp16,32,6.284894320529588e-06,1.5700903257531706e-06,0.0,36
llama2,fp32,32,4.050365942642742e-08,1.2720518610676024e-08,0.0,36
llama2,fp16,32,4.265497311362054e-06,1.072343754793259e-06,0.0,67
llama2,fp32,32,2.2942852589968865e-08,1.137610335100181e-08,0.0,67
llama2,fp16,32,4.02150549883018e-06,9.998663778043593e-07,0.0,47
llama2,fp32,32,4.258278035740304e-08,9.512432064262555e-09,0.0,47
llama2,fp16,32,8.691841318908544e-07,2.1739873448667346e-07,0.0,53
llama2,fp32,32,1.7027945721850846e-08,4.648031418953702e-09,0.0,53
llama2,fp16,32,1.2095560808500494e-06,2.9688672088801216e-07,0.0,66
llama2,fp32,32,2.86259479781361e-08,5.474945464004066e-09,0.0,66
llama2,fp16,32,9.910932035062103e-07,2.549737053714196e-07,0.0,37
llama2,fp32,32,2.9622752891270143e-08,6.236897045694412e-09,0.0,37
llama2,fp16,32,3.2662302547059596e-06,8.046398677352684e-07,0.0,59
llama2,fp32,32,2.7649448362809803e-08,2.345832390317215e-09,0.0,59
llama2,fp16,32,8.734972643420491e-06,2.1867555646259973e-06,0.0,83
llama2,fp32,32,2.9692758529709096e-08,8.848384733251002e-09,0.0,83
llama2,fp16,32,4.439315881565875e-06,1.1143477987030082e-06,0.0,45
llama2,fp32,32,2.3905551815861514e-08,1.5550007656517373e-08,0.0,45
llama2,fp16,32,8.831378205842455e-06,2.207631958128786e-06,0.0,69
llama2,fp32,32,3.183960894936888e-08,9.168136388959525e-09,0.0,69
llama2,fp16,32,8.172833235953192e-06,2.05330106994861e-06,0.0,113
llama2,fp32,32,4.205084480624066e-08,1.6139667213810327e-08,0.0,113
llama2,fp16,32,1.470905784506371e-06,3.6925020746592097e-07,0.0,46
llama2,fp32,32,1.9168054171680993e-08,4.972782387258068e-09,0.0,46
llama2,fp16,32,6.247690150118501e-06,1.5524862251314886e-06,0.0,45
llama2,fp32,32,2.8642616889396066e-08,8.767719994473566e-09,0.0,45
llama2,fp16,32,9.01769938521646e-06,2.2541220362493064e-06,0.0,30
llama2,fp32,32,3.7046563788889486e-08,1.0951972766182205e-08,0.0,30
llama2,fp16,32,1.2201353967178363e-06,3.0732750824769006e-07,0.0,57
llama2,fp32,32,1.5311748122887048e-08,2.0099739164725072e-09,0.0,57
llama2,fp16,32,1.8019048133588456e-06,4.4696907874897107e-07,0.0,74
llama2,fp32,32,3.759020972271543e-08,5.4241511282526744e-09,0.0,74
llama2,fp16,32,1.2618720601764721e-06,3.0902681363853546e-07,0.0,47
llama2,fp32,32,1.615112617259218e-08,3.34853230365105e-09,0.0,47
llama2,fp16,32,5.763713219808508e-06,1.4393308878091204e-06,0.0,80
llama2,fp32,32,1.8448037153451224e-08,9.327782199419765e-09,0.0,80
llama2,fp16,32,8.660368447266364e-06,2.174375736498091e-06,0.0,140
llama2,fp32,32,3.8561785882924816e-08,6.046639396757765e-09,0.0,140
llama2,fp16,32,2.643244775613063e-06,6.621534365813808e-07,0.0,51
llama2,fp32,32,2.7956476217338988e-08,1.0521440663158188e-09,0.0,51
llama2,fp16,32,7.73628636530077e-06,1.9290086549217378e-06,0.0,35
llama2,fp32,32,4.709894264876002e-08,1.033280183637686e-08,0.0,35
llama2,fp16,32,4.03227689016461e-06,1.015527603065447e-06,0.0,69
llama2,fp32,32,1.5792275855075477e-08,4.3625697498939076e-09,0.0,69
llama2,fp16,32,8.608270510634952e-06,2.1539276788828943e-06,0.0,65
llama2,fp32,32,3.496443418127271e-08,9.747765100306949e-09,0.0,65
llama2,fp16,32,8.791615959957699e-07,2.1443547802701968e-07,0.0,67
llama2,fp32,32,2.3796232567763198e-08,4.039602223039618e-09,0.0,67
llama2,fp16,32,8.712624451661213,0.585422567592218,0.90625,42
llama2,fp32,32,2.08579745419879e-08,5.350468408604758e-09,0.0,42
llama2,fp16,32,9.187943710298185e-07,2.2301299948401798e-07,0.0,68
llama2,fp32,32,1.792130467550418e-08,1.0424770451392118e-08,0.0,68
llama2,fp16,32,7.735516592166647e-06,1.9314333259967675e-06,0.0,71
llama2,fp32,32,2.429280282316426e-08,1.2422499088421413e-08,0.0,71
llama2,fp16,32,6.084621893664988e-06,1.5142585367000638e-06,0.0,62
llama2,fp32,32,4.029851477516111e-08,1.2754013289928423e-08,0.0,62
llama2,fp16,32,6.389823827834817e-06,1.5972688814924751e-06,0.0,80
llama2,fp32,32,2.658700973962036e-08,1.3552160671448377e-08,0.0,80
llama2,fp16,32,6.582751553629862e-06,1.648583960900396e-06,0.0,126
llama2,fp32,32,2.1003918770912122e-08,1.1898111648700471e-08,0.0,126
llama2,fp16,32,6.951751245765081e-06,1.7377306842369933e-06,0.0,95
llama2,fp32,32,1.5223933003127854e-08,1.2330275023231252e-08,0.0,95
llama2,fp16,32,1.966002143971579e-06,4.877856549789783e-07,0.0,63
llama2,fp32,32,2.895089441096177e-08,2.879074024325634e-09,0.0,63
llama2,fp16,32,1.6884402529449005e-06,4.2142009282208903e-07,0.0,38
llama2,fp32,32,2.9443493386460684e-08,2.4705442171202296e-09,0.0,38
llama2,fp16,32,6.68711396034638e-07,1.6809752828583768e-07,0.0,49
llama2,fp32,32,1.823136652756574e-08,2.597520129543618e-09,0.0,49
llama2,fp16,32,7.3298795184584264e-06,1.8236884937739006e-06,0.0,55
llama2,fp32,32,3.243154717003094e-08,1.1568173571840923e-08,0.0,55
llama2,fp16,32,6.486630606261645e-07,1.6585904805133111e-07,0.0,121
llama2,fp32,32,2.55353552816584e-08,5.7927912761740474e-09,0.0,121
llama2,fp16,32,7.057742196892036e-06,1.7672370761223632e-06,0.0,65
llama2,fp32,32,3.1428093960617076e-08,1.3706714513395113e-08,0.0,65
llama2,fp16,32,4.962594883473059e-06,1.2370682698215063e-06,0.0,65
llama2,fp32,32,3.739551679426967e-08,5.78604449075204e-09,0.0,65
llama2,fp16,32,1.6243250604563997e-06,4.0111439880696764e-07,0.0,50
llama2,fp32,32,1.495424799616285e-08,7.929591941402414e-09,0.0,50
llama2,fp16,32,8.831597928526946e-07,2.2449415526537564e-07,0.0,54
llama2,fp32,32,1.679778703200102e-08,4.623414989724482e-09,0.0,54
llama2,fp16,32,5.912765679516596e-06,1.467096019391878e-06,0.0,74
llama2,fp32,32,3.665437559030593e-08,9.085250149420965e-09,0.0,74
llama2,fp16,32,2.050219759075489e-06,5.167653984727849e-07,0.0,44
llama2,fp32,32,2.598877524295773e-08,4.708913953210825e-09,0.0,44
llama2,fp16,32,5.03191107981138e-06,1.2611015434149664e-06,0.0,89
llama2,fp32,32,4.599956665574112e-08,9.13927755696875e-09,0.0,89
llama2,fp16,32,1.0222271797921678e-06,2.4960417283059755e-07,0.0,43
llama2,fp32,32,2.5995705615899922e-08,6.129799862142349e-09,0.0,43
llama2,fp16,32,4.075191719771221e-06,1.0168093481505158e-06,0.0,101
llama2,fp32,32,2.3627444278861987e-08,1.1058365598226594e-08,0.0,101
llama2,fp16,32,2.764299410262794e-06,6.878748214367292e-07,0.0,42
llama2,fp32,32,2.7007460726147237e-08,4.372185048034938e-09,0.0,42
llama2,fp16,32,8.019868530162455e-06,2.003994195698411e-06,0.0,50
llama2,fp32,32,3.415881510981933e-08,7.54571996552933e-09,0.0,50
llama2,fp16,32,6.343916121753779e-06,1.576448066531455e-06,0.0,66
llama2,fp32,32,2.5384747248669015e-08,9.814671048102852e-09,0.0,66
llama2,fp16,32,1.2062512926291902e-06,2.946819851468163e-07,0.0,33
llama2,fp32,32,3.4339860247034615e-08,8.395097353397496e-09,0.0,33
llama2,fp16,32,5.616239656447419e-06,1.3896549418968007e-06,0.0,66
llama2,fp32,32,1.1670653776718609e-08,7.047413930205693e-09,0.0,66
llama2,fp16,32,9.220841228341214e-07,2.338600341156294e-07,0.0,34
llama2,fp32,32,2.9056024492685184e-08,8.016906104246768e-09,0.0,34
llama2,fp16,32,6.1252315477489105e-06,1.5304872991867002e-06,0.0,40
llama2,fp32,32,2.136819393649958e-08,4.64627208929258e-09,0.0,40
llama2,fp16,32,5.862974708836788e-06,1.4584115144433696e-06,0.0,46
llama2,fp32,32,2.8356175039989662e-08,1.550347489970294e-08,0.0,46
llama2,fp16,32,4.277635898830567e-06,1.0694744360661979e-06,0.0,61
llama2,fp32,32,2.3597431952904202e-08,9.32788262299547e-09,0.0,61
llama2,fp16,32,3.608590770087794e-06,8.983778953877697e-07,0.0,32
llama2,fp32,32,2.9099031254031793e-08,5.5770045734315765e-09,0.0,32
llama2,fp16,32,6.568766323766795e-06,1.6421353717932519e-06,0.0,68
llama2,fp32,32,2.908476073176791e-08,1.3545815507470804e-08,0.0,68
llama2,fp16,32,5.418935305367967e-06,1.353116385993669e-06,0.0,60
llama2,fp32,32,3.24560585768241e-08,7.404147274025358e-09,0.0,60
llama2,fp16,32,1.2751290719981156e-06,3.203540161339502e-07,0.0,63
llama2,fp32,32,2.7845730341327646e-08,3.2725359314783597e-09,0.0,63
llama2,fp16,32,5.556428104513955e-06,1.388765782872614e-06,0.0,53
llama2,fp32,32,3.1375959603022197e-08,8.263275889930366e-09,0.0,53
llama2,fp16,32,6.794206774074496e-06,1.6880968836119337e-06,0.0,89
llama2,fp32,32,3.1770630126715105e-08,1.0880049028383354e-08,0.0,89
llama2,fp16,32,2.3350987621295616e-06,5.783025593952829e-07,0.0,55
llama2,fp32,32,3.852134983217681e-08,4.895577415675589e-09,0.0,55
llama2,fp16,32,1.2355441043609972e-06,3.0913612292238213e-07,0.0,44
llama2,fp32,32,3.173795065647411e-08,8.320126086355795e-09,0.0,44
llama2,fp16,32,2.7632822793555167e-06,6.867772381347059e-07,0.0,50
llama2,fp32,32,1.8087928899471195e-08,4.134400398425608e-09,0.0,50
llama2,fp16,32,6.500970852751919e-07,1.6662324459071343e-07,0.0,36
llama2,fp32,32,3.315395529293608e-08,1.2223988939130681e-09,0.0,36
llama2,fp16,32,8.118623937791725e-06,2.0158577535012157e-06,0.0,36
llama2,fp32,32,2.689494138508053e-08,1.1446298325834547e-08,0.0,36
llama2,fp16,32,1.9900265126882033e-06,5.049104315202335e-07,0.0,46
llama2,fp32,32,1.339441296072108e-08,4.754763461428668e-09,0.0,46
llama2,fp16,32,3.928583341195058e-06,9.931379475469626e-07,0.0,62
llama2,fp32,32,2.4712587975983524e-08,4.834375646328715e-09,0.0,62
llama2,fp16,32,1.1631378461496311e-06,2.963965651109346e-07,0.0,130
llama2,fp32,32,7.664915319745454e-09,2.9347182414242445e-09,0.0,130
llama2,fp16,32,1.8561047880893966e-06,4.5705915785454465e-07,0.0,58
llama2,fp32,32,2.3663168147169955e-08,2.9644524196514865e-09,0.0,58
llama2,fp16,32,4.143750198859486e-06,1.0282836682140584e-06,0.0,86
llama2,fp32,32,3.0988218241434495e-08,7.4497945624918405e-09,0.0,86
llama2,fp16,32,6.703882696967867e-06,1.6728928491360762e-06,0.0,87
llama2,fp32,32,2.8175705324429146e-08,1.0201084740812938e-08,0.0,87
llama2,fp16,32,5.793198206038852e-06,1.453612989310571e-06,0.0,91
llama2,fp32,32,2.580318136935489e-08,9.186407468053659e-09,0.0,91
llama2,fp16,32,1.9009318178442314e-06,4.7328406349578245e-07,0.0,79
llama2,fp32,32,2.7008602614814192e-08,3.118105916695424e-09,0.0,79
llama2,fp16,32,3.538218213472444e-06,8.828267805682799e-07,0.0,93
llama2,fp32,32,3.911854246085866e-08,6.631359961151162e-09,0.0,93
llama2,fp16,32,3.893010242284056e-06,9.808601047489596e-07,0.0,59
llama2,fp32,32,3.732193165628672e-08,1.2214725175763164e-08,0.0,59
llama2,fp16,32,1.91883825828576e-06,4.872140993150698e-07,0.0,109
llama2,fp32,32,3.909030023806215e-08,3.4361054119212697e-09,0.0,109
llama2,fp16,32,2.505019867982128e-06,6.211770935404815e-07,0.0,72
llama2,fp32,32,1.7630661153233973e-08,7.516922216621591e-09,0.0,72
llama2,fp16,32,4.821338840166334e-06,1.2118795712778851e-06,0.0,90
llama2,fp32,32,2.0122405679223743e-08,2.9093085579523503e-09,0.0,90
llama2,fp16,32,4.9293493384894305e-06,1.2416944768500748e-06,0.0,49
llama2,fp32,32,3.350787163361457e-08,9.846116616474276e-09,0.0,49
llama2,fp16,32,1.2954537248477394e-06,3.3734445867295015e-07,0.0,75
llama2,fp32,32,2.0358896894723255e-08,2.873406527038186e-09,0.0,75
llama2,fp16,32,9.337490552985273e-07,2.3954098860023976e-07,0.0,67
llama2,fp32,32,1.8795020675227425e-08,5.255247445545841e-09,0.0,67
llama2,fp16,32,4.831760343493308e-06,1.2085514188298063e-06,0.0,49
llama2,fp32,32,3.516965149663598e-08,1.2592470385874854e-08,0.0,49
llama2,fp16,32,3.971123476387284e-06,9.870273993128897e-07,0.0,78
llama2,fp32,32,3.312171673042208e-08,4.356760160972861e-09,0.0,78
llama2,fp16,32,2.9625315701160275,0.1802731202598764,0.3125,69
llama2,fp32,32,3.211083471343912e-08,9.457020111458547e-09,0.0,69
llama2,fp16,32,6.863384781619075e-06,1.7129393553028116e-06,0.0,48
llama2,fp32,32,3.36788997037929e-08,1.3990043975717348e-08,0.0,48
llama2,fp16,32,2.260067966552981e-06,5.690978359673693e-07,0.0,59
llama2,fp32,32,4.5834290585133886e-08,1.0667737311564895e-08,0.0,59
llama2,fp16,32,7.857491195473187e-06,1.9539915103450323e-06,0.0,136
llama2,fp32,32,2.6938363636985763e-08,6.0282549828663545e-09,0.0,136
llama2,fp16,32,2.111620452494023e-06,5.29070812646526e-07,0.0,63
llama2,fp32,32,3.2488571333200156e-08,6.459550200288433e-09,0.0,63
llama2,fp16,32,7.648676958904588e-06,1.914698952498739e-06,0.0,45
llama2,fp32,32,3.304073775689531e-08,6.724354184584058e-09,0.0,45
llama2,fp16,32,6.091016657272519e-06,1.5240265852645152e-06,0.0,57
llama2,fp32,32,3.3739035440460974e-08,8.66472783800365e-09,0.0,57
llama2,fp16,32,1.7910662153397539e-06,4.4196557177911266e-07,0.0,74
llama2,fp32,32,1.8907259674572074e-08,4.850928901622975e-09,0.0,74
llama2,fp16,32,5.8047116344578376e-06,1.444134550684581e-06,0.0,52
llama2,fp32,32,2.5801870967914753e-08,8.13297029028659e-09,0.0,52
llama2,fp16,32,5.8204715891463366e-06,1.4464148954118627e-06,0.0,82
llama2,fp32,32,3.329625850034823e-08,1.0167320083076525e-08,0.0,82
llama2,fp16,32,6.618828325422044e-07,1.6509167388711887e-07,0.0,82
llama2,fp32,32,2.8770543697431705e-08,4.876334964293294e-09,0.0,82
llama2,fp16,32,5.414502721734493e-06,1.3537264714202912e-06,0.0,48
llama2,fp32,32,3.348024668614613e-08,7.1203026860006124e-09,0.0,48
llama2,fp16,32,1.702137990555741e-06,4.211104630003071e-07,0.0,49
llama2,fp32,32,2.4080721058687693e-08,8.115693798417534e-10,0.0,49
llama2,fp16,32,3.2866113223173343e-06,8.17194538149657e-07,0.0,90
llama2,fp32,32,3.6552295232250565e-08,5.035583412055233e-09,0.0,90
llama2,fp16,32,4.697020699495624e-06,1.1775484697329475e-06,0.0,83
llama2,fp32,32,2.38276805508697e-08,8.031186375656585e-09,0.0,83
llama2,fp16,32,5.991832615848125e-06,1.4953427577291123e-06,0.0,66
llama2,fp32,32,3.608096382778925e-08,1.3368918694300902e-08,0.0,66
llama2,fp16,32,6.265198943866679e-06,1.5762378390571374e-06,0.0,87
llama2,fp32,32,3.229199760368395e-08,6.441931862943839e-09,0.0,87
llama2,fp16,32,1.466388220849879e-06,3.685079797144386e-07,0.0,68
llama2,fp32,32,1.7322380141404636e-08,4.116159232903094e-09,0.0,68
llama2,fp16,32,9.383970263954211e-06,2.3555833763566625e-06,0.0,68
llama2,fp32,32,3.9210804714251424e-08,8.598486894717539e-09,0.0,68
llama2,fp16,32,6.101744151720823e-06,1.5205361898473768e-06,0.0,59
llama2,fp32,32,2.724098258077845e-08,1.4812006121633914e-08,0.0,59
llama2,fp16,32,7.277759836776809e-06,1.8189023700543316e-06,0.0,56
llama2,fp32,32,2.3924741743286404e-08,1.6315984785464366e-08,0.0,56
llama2,fp16,32,7.39340836730662e-06,1.849688492150392e-06,0.0,48
llama2,fp32,32,3.916834551143111e-08,1.0666194955044617e-08,0.0,48
llama2,fp16,32,3.792313068018416e-06,9.454471472380988e-07,0.0,51
llama2,fp32,32,3.1344587911319444e-08,6.1311917418094275e-09,0.0,51
llama2,fp16,32,1.2506969087056063e-06,3.155033359569792e-07,0.0,45
llama2,fp32,32,3.054739544650076e-08,4.364341388285453e-09,0.0,45
llama2,fp16,32,1.951988887527456e-06,5.04288504954431e-07,0.0,93
llama2,fp32,32,3.080422736334576e-08,3.100765984254128e-09,0.0,93
llama2,fp16,32,4.343396621475648e-06,1.0925887276302948e-06,0.0,101
llama2,fp32,32,2.670649390263541e-08,7.111135777448929e-09,0.0,101
llama2,fp16,32,4.81333347801538e-06,1.2036318334240903e-06,0.0,86
llama2,fp32,32,2.0300757639160616e-08,9.08900034402027e-09,0.0,86
llama2,fp16,32,7.796964503370418e-06,1.9507099133786454e-06,0.0,30
llama2,fp32,32,3.2611889355660395e-08,5.320020070309628e-09,0.0,30
llama2,fp16,32,6.5631365284701815e-06,1.6383120715612876e-06,0.0,40
llama2,fp32,32,3.531150546964845e-08,4.919355534038772e-09,0.0,40
llama2,fp16,32,7.553353579603517e-06,1.892203136399928e-06,0.0,111
llama2,fp32,32,3.637981321746864e-08,1.3080493688200079e-08,0.0,111
llama2,fp16,32,1.2388842345334439e-06,3.1936485675454485e-07,0.0,55
llama2,fp32,32,3.0542965323565596e-08,2.6207461756300177e-09,0.0,55
llama2,fp16,32,4.924194623612266e-06,1.2411625269770354e-06,0.0,54
llama2,fp32,32,2.937741777619962e-08,9.119897198539562e-09,0.0,54
llama2,fp16,32,4.676358980937323e-06,1.168140530138917e-06,0.0,71
llama2,fp32,32,2.9712434762574347e-08,5.235533298564299e-09,0.0,71
llama2,fp16,32,1.49636010167431e-06,3.728932474744706e-07,0.0,39
llama2,fp32,32,2.751702614378626e-08,6.404929331134022e-09,0.0,39
llama2,fp16,32,3.936618295341532e-06,9.813163492355947e-07,0.0,71
llama2,fp32,32,3.628904832186919e-08,8.007188273539967e-09,0.0,71
llama2,fp16,32,1.4918786267470452e-06,3.739239996247701e-07,0.0,86
llama2,fp32,32,2.95303603722874e-08,3.245689882223207e-09,0.0,86
llama2,fp16,32,2.940592859879132e-06,7.409958975301834e-07,0.0,33
llama2,fp32,32,2.812490029757697e-08,5.26173749015868e-09,0.0,33
llama2,fp16,32,1.3534089761679802e-06,3.3423386031072866e-07,0.0,48
llama2,fp32,32,3.162996531358431e-08,8.319627244068872e-09,0.0,48
llama2,fp16,32,1.5493944194311382e-06,3.806783065163355e-07,0.0,43
llama2,fp32,32,2.7303177073390028e-08,8.955444478868368e-09,0.0,43
llama2,fp16,32,2.7470555972186617e-06,6.801452708260491e-07,0.0,63
llama2,fp32,32,2.7731445625955864e-08,1.2140276173244757e-08,0.0,63
llama2,fp16,32,9.202282186260291e-07,2.3697566781111234e-07,0.0,93
llama2,fp32,32,3.512423452090019e-08,2.1644836877693363e-09,0.0,93
llama2,fp16,32,2.794484154411414e-06,7.058774003781965e-07,0.0,73
llama2,fp32,32,2.8272975377552356e-08,6.334040607985925e-09,0.0,73
llama2,fp16,32,4.544193126676532e-06,1.1415181431218002e-06,0.0,44
llama2,fp32,32,3.106953433418269e-08,8.277536690803888e-09,0.0,44
llama2,fp16,32,7.9396818080113e-06,1.9793219152575148e-06,0.0,78
llama2,fp32,32,3.4844410357059985e-08,8.200647487466295e-09,0.0,78
llama2,fp16,32,7.16645840626029e-06,1.798979459621819e-06,0.0,94
llama2,fp32,32,3.703673490118575e-08,1.1468117178115023e-08,0.0,94
llama2,fp16,32,6.8084242386134974e-06,1.7193554047167936e-06,0.0,58
llama2,fp32,32,3.245317448108409e-08,9.271021172985172e-09,0.0,58
llama2,fp16,32,6.231107649412593e-06,1.5729226563454546e-06,0.0,75
llama2,fp32,32,4.3983459034613315e-08,1.233959801005824e-08,0.0,75
llama2,fp16,32,1.8247351367683962e-06,4.585073314355981e-07,0.0,40
llama2,fp32,32,3.907883278086999e-08,4.33381976139291e-09,0.0,40
llama2,fp16,32,8.790305964012646e-06,2.196448097180337e-06,0.0,92
llama2,fp32,32,3.72191595321425e-08,7.25996054939948e-09,0.0,92
llama2,fp16,32,7.140894401347353e-07,1.7378301014892017e-07,0.0,72
llama2,fp32,32,2.2420725741267855e-08,5.35556302604101e-09,0.0,72
llama2,fp16,32,1.1605348442245145e-06,2.882530825143448e-07,0.0,45
llama2,fp32,32,2.1326215965053463e-08,4.136048097763689e-09,0.0,45
llama2,fp16,32,3.989064567999634e-06,1.003244066821729e-06,0.0,59
llama2,fp32,32,3.570604574856806e-08,8.86461665183802e-09,0.0,59
llama2,fp16,32,2.819992737101984e-06,6.971342373929268e-07,0.0,59
llama2,fp32,32,1.6064477248445286e-08,3.367473667970078e-09,0.0,59
llama2,fp16,32,7.433648621102407e-06,1.857917935943476e-06,0.0,53
llama2,fp32,32,3.202023074466709e-08,1.6334121194505613e-08,0.0,53
llama2,fp16,32,3.152471310608151,0.20404515427587677,0.34375,81
llama2,fp32,32,2.2809374833343554e-08,1.0891688329017768e-08,0.0,81
llama2,fp16,32,5.702998437939755e-06,1.4203924871836193e-06,0.0,81
llama2,fp32,32,1.536730831475097e-08,1.7062010207458123e-08,0.0,81
llama2,fp16,32,1.7536279210972339e-06,4.3595578674837654e-07,0.0,53
llama2,fp32,32,2.299403668859501e-08,4.1571400436618555e-09,0.0,53
llama2,fp16,32,1.0929082039368154e-06,2.676723504790868e-07,0.0,59
llama2,fp32,32,2.319717518073361e-08,5.2254070984471615e-09,0.0,59
llama2,fp16,32,6.165758212883787e-07,1.4425561895015093e-07,0.0,43
llama2,fp32,32,2.2291625600967535e-08,6.750858271703519e-09,0.0,43
llama2,fp16,32,5.502081352304344e-06,1.3824849156574004e-06,0.0,84
llama2,fp32,32,1.7526541551404762e-08,1.3431135981178954e-08,0.0,84
llama2,fp16,32,2.0648970645575915e-06,5.209962979368932e-07,0.0,48
llama2,fp32,32,1.4554358031271253e-08,4.002638626156318e-09,0.0,48
llama2,fp16,32,6.518752744988365e-06,1.6334554336847051e-06,0.0,76
llama2,fp32,32,2.462324664304072e-08,7.621130504453788e-09,0.0,76
llama2,fp16,32,5.941093529915342e-06,1.4856986017969254e-06,0.0,53
llama2,fp32,32,2.375180191242776e-08,1.1378989323712618e-08,0.0,53
llama2,fp16,32,1.3183866016674983e-06,3.3241839247910576e-07,0.0,67
llama2,fp32,32,3.05147513368631e-08,2.2497716862211747e-09,0.0,67
llama2,fp16,32,2.1110093417209264e-06,5.18664062837404e-07,0.0,64
llama2,fp32,32,1.614489002037256e-08,3.840354814320032e-09,0.0,64
llama2,fp16,32,8.470077325739567e-06,2.129643574932949e-06,0.0,98
llama2,fp32,32,3.347143473497738e-08,1.542558641931535e-08,0.0,98
llama2,fp16,32,7.696008205715366e-06,1.9233795188755565e-06,0.0,126
llama2,fp32,32,2.1837345931530194e-08,7.274506108601031e-09,0.0,126
llama2,fp16,32,6.2767719101186614e-06,1.5761118868362622e-06,0.0,29
llama2,fp32,32,3.926906777529382e-08,1.0787444083837361e-08,0.0,29
llama2,fp16,32,7.979815151770708e-06,2.001685050156965e-06,0.0,58
llama2,fp32,32,3.275532756141786e-08,1.2399688581465895e-08,0.0,58
llama2,fp16,32,4.830811295875037e-06,1.213221246021412e-06,0.0,71
llama2,fp32,32,4.336358209316993e-08,1.0066212427842225e-08,0.0,71
llama2,fp16,32,5.912838210830884e-06,1.4836454357292084e-06,0.0,28
llama2,fp32,32,5.845750149571782e-08,4.741617848358359e-09,0.0,28
llama2,fp16,32,3.3200305553648946e-06,8.315413956294648e-07,0.0,34
llama2,fp32,32,2.2252129860955705e-08,2.4601165410365056e-09,0.0,34
llama2,fp16,32,5.491188490206767,0.3769235779231188,0.59375,64
llama2,fp32,32,3.582328056417339e-08,1.3667319359589314e-08,0.0,64
llama2,fp16,32,7.949182059263649e-06,1.9936468918513306e-06,0.0,80
llama2,fp32,32,2.95770752889446e-08,1.360731442801022e-08,0.0,80
llama2,fp16,32,8.414000255640985e-06,2.1018788951554512e-06,0.0,126
llama2,fp32,32,2.8843843570547367e-08,1.1032830926627213e-08,0.0,126
llama2,fp16,32,1.7856060428034226e-06,4.3541023564408476e-07,0.0,86
llama2,fp32,32,3.7292156862545056e-08,6.564377749707084e-09,0.0,86
llama2,fp16,32,7.250842148920356e-06,1.804230141733143e-06,0.0,38
llama2,fp32,32,3.121679603701466e-08,9.89989251687362e-09,0.0,38
llama2,fp16,32,6.045467980442254e-06,1.5045173756833563e-06,0.0,109
llama2,fp32,32,3.3912300623911706e-08,4.720570133572022e-09,0.0,109
llama2,fp16,32,1.834905596520553e-06,4.498182824552721e-07,0.0,61
llama2,fp32,32,2.397609281772073e-08,2.9938753321086253e-09,0.0,61
llama2,fp16,32,7.3028246427853105e-06,1.825807063426943e-06,0.0,41
llama2,fp32,32,4.5422874073164365e-08,9.913071054995504e-09,0.0,41
llama2,fp16,32,1.5303905507302318e-06,3.8465133334053547e-07,0.0,41
llama2,fp32,32,3.414384101840806e-08,3.298634060344696e-09,0.0,41
llama2,fp16,32,1.2904509016919974e-06,3.310300547010314e-07,0.0,57
llama2,fp32,32,2.967650002128064e-08,2.9542067681020967e-09,0.0,57
llama2,fp16,32,6.525459083306373e-06,1.6183201285713267e-06,0.0,54
llama2,fp32,32,2.2269095553695273e-08,9.85802390239543e-09,0.0,54
llama2,fp16,32,7.121787177766237e-06,1.7731245849361699e-06,0.0,67
llama2,fp32,32,3.300222517488294e-08,1.8547972241433897e-08,0.0,67
llama2,fp16,32,5.6729966222413e-06,1.4078049676014004e-06,0.0,36
llama2,fp32,32,3.115667768227581e-08,3.975267406919336e-09,0.0,36
mistral,fp16,32,4.909729370228266e-06,1.2277315017961143e-06,0.0,169
mistral,fp32,32,9.544512539691463e-09,7.2760652598466424e-09,0.0,169
mistral,fp16,32,3.5593130824906893e-06,8.922529411564684e-07,0.0,106
mistral,fp32,32,2.734716155605851e-08,9.952090060442965e-09,0.0,106
mistral,fp16,32,2.0509614413466437e-06,4.988900153130027e-07,0.0,73
mistral,fp32,32,2.0326256467036175e-08,7.672325978962807e-09,0.0,73
mistral,fp16,32,6.538979520520627e-06,1.6374186751766384e-06,0.0,73
mistral,fp32,32,2.336097575138859e-08,7.011368124732213e-09,0.0,73
mistral,fp16,32,7.148902087957928,0.396487815212449,0.625,51
mistral,fp32,32,1.9862539264378642e-08,8.295359655696027e-09,0.0,51
mistral,fp16,32,2.129421540653098e-06,5.25881535873296e-07,0.0,50
mistral,fp32,32,2.8212805508465166e-08,5.302489145680989e-09,0.0,50
mistral,fp16,32,2.4295741309909857e-06,6.073419598628949e-07,0.0,60
mistral,fp32,32,3.3292220018125984e-08,5.095618220776754e-09,0.0,60
mistral,fp16,32,5.2540117443378165e-06,1.316775416010385e-06,0.0,53
mistral,fp32,32,2.0960153576318752e-08,5.135158872779377e-09,0.0,53
mistral,fp16,32,2.2641819108493166e-06,5.747385669399585e-07,0.0,63
mistral,fp32,32,2.3971187861071552e-08,4.505370176759171e-09,0.0,63
mistral,fp16,32,2.4171967131412275,0.14273212188683865,0.25,114
mistral,fp32,32,3.753069535705755e-08,1.351207461891546e-08,0.0,114
mistral,fp16,32,6.315125296474378e-06,1.581178308784903e-06,0.0,84
mistral,fp32,32,4.018357242416802e-08,1.4826568882949764e-08,0.0,84
mistral,fp16,32,4.006967368352932e-06,1.0017589189004195e-06,0.0,69
mistral,fp32,32,1.66312436322702e-08,4.964492296422041e-09,0.0,69
mistral,fp16,32,3.09739106502116e-06,7.745504282605231e-07,0.0,79
mistral,fp32,32,2.7950813939400798e-08,6.392433696093824e-09,0.0,79
mistral,fp16,32,2.6195443112997374e-06,6.524613793317327e-07,0.0,42
mistral,fp32,32,3.1446567780313295e-08,8.798633033962888e-09,0.0,42
mistral,fp16,32,11.070721947691254,0.5965921973337913,0.90625,97
mistral,fp32,32,4.546879220357347e-08,4.293712381302217e-09,0.0,97
mistral,fp16,32,1.8298618813528122e-06,4.537227598078175e-07,0.0,125
mistral,fp32,32,1.7592489024581548e-08,4.5002813389878604e-09,0.0,125
mistral,fp16,32,3.7194699196163583e-06,9.329710071170894e-07,0.0,41
mistral,fp32,32,3.4898950132533635e-08,7.903901972695394e-09,0.0,41
mistral,fp16,32,1.3819866382380752e-06,3.476888768283448e-07,0.0,66
mistral,fp32,32,2.8066758781669643e-08,8.609896583883225e-09,0.0,66
mistral,fp16,32,2.263026761928355e-06,5.571633724943403e-07,0.0,75
mistral,fp32,32,1.7297291880075116e-08,2.9394647185071454e-09,0.0,75
mistral,fp16,32,3.910257857064892e-06,9.738811877768594e-07,0.0,48
mistral,fp32,32,2.274320403850721e-08,9.959269190183738e-09,0.0,48
mistral,fp16,32,3.0538195342488805e-06,7.563938136390114e-07,0.0,67
mistral,fp32,32,2.5668098951880935e-08,6.456086402463479e-09,0.0,67
mistral,fp16,32,4.158634700268671e-06,1.0352011486775003e-06,0.0,71
mistral,fp32,32,2.204803106753417e-08,1.4444914172564646e-08,0.0,71
mistral,fp16,32,1.8612225423098039e-06,4.71978456539901e-07,0.0,55
mistral,fp32,32,2.5407528581045113e-08,7.755033398001293e-09,0.0,55
mistral,fp16,32,6.76947167907449e-06,1.6833454612869003e-06,0.0,61
mistral,fp32,32,4.900579751720979e-08,1.0746009433855452e-08,0.0,61
mistral,fp16,32,4.617502764370229e-06,1.1537010508044787e-06,0.0,79
mistral,fp32,32,1.5729247303947202e-08,2.776826599389104e-09,0.0,79
mistral,fp16,32,4.203812471126334e-06,1.0477350123883067e-06,0.0,67
mistral,fp32,32,2.7984560638195585e-08,8.959605651143177e-09,0.0,67
mistral,fp16,32,2.567172638245907e-06,6.400802471315248e-07,0.0,63
mistral,fp32,32,2.2570321023610007e-08,5.882508070931269e-09,0.0,63
mistral,fp16,32,3.4970175428195027e-06,8.723791572531892e-07,0.0,44
mistral,fp32,32,1.490273188013702e-08,4.916699648110923e-09,0.0,44
mistral,fp16,32,3.5416458771253545e-06,8.87599733434552e-07,0.0,69
mistral,fp32,32,1.546584486866731e-08,5.469967082148003e-09,0.0,69
mistral,fp16,32,4.634735333852724e-06,1.160786678028325e-06,0.0,49
mistral,fp32,32,2.6466977220323054e-08,6.201299716790398e-09,0.0,49
mistral,fp16,32,3.45764875447907e-06,8.603581166614221e-07,0.0,69
mistral,fp32,32,3.1354693452723126e-08,1.3028476062912613e-08,0.0,69
mistral,fp16,32,2.9574070031235244e-06,7.376522864616097e-07,0.0,107
mistral,fp32,32,2.7786917178654336e-08,1.0618673086226077e-08,0.0,107
mistral,fp16,32,2.450710134938028e-06,6.159414139006447e-07,0.0,49
mistral,fp32,32,2.4807716603181262e-08,7.910428628105093e-09,0.0,49
mistral,fp16,32,3.837712402157689e-06,9.622715628956197e-07,0.0,103
mistral,fp32,32,2.7437673480619745e-08,6.2940128917098395e-09,0.0,103
mistral,fp16,32,3.91817851563836e-06,9.77007750035952e-07,0.0,71
mistral,fp32,32,2.5716576985967965e-08,7.82225178445721e-09,0.0,71
mistral,fp16,1,0.0,0.0,0.0,101
mistral,fp32,1,0.0,0.0,0.0,101
mistral,fp16,32,2.0826081752467474e-06,5.193946549311712e-07,0.0,153
mistral,fp32,32,1.0470093183938267e-08,2.628227851499132e-09,0.0,153
mistral,fp16,32,2.460954225902423e-06,6.166263833845553e-07,0.0,103
mistral,fp32,32,1.94230256522418e-08,6.395918243813636e-09,0.0,103
mistral,fp16,32,5.090432774829123e-06,1.2703335120489712e-06,0.0,83
mistral,fp32,32,1.6723005196762897e-08,6.4423845131224636e-09,0.0,83
mistral,fp16,32,3.003050992766987e-06,7.570485840158181e-07,0.0,89
mistral,fp32,32,3.048433926990113e-08,3.326935518960586e-09,0.0,89
mistral,fp16,32,5.48565365243725e-06,1.36430082275929e-06,0.0,56
mistral,fp32,32,2.8327786716179915e-08,8.671718482395133e-09,0.0,56
mistral,fp16,32,6.080014440801307e-06,1.5236648946703735e-06,0.0,61
mistral,fp32,32,3.049027092318166e-08,1.1802282554908283e-08,0.0,61
mistral,fp16,32,5.132888471925945e-06,1.2870895355621137e-06,0.0,63
mistral,fp32,32,2.295691605824074e-08,7.587154513596234e-09,0.0,63
mistral,fp16,32,2.813816721902729e-06,6.945024665500066e-07,0.0,59
mistral,fp32,32,2.1268082558978385e-08,4.921710344829577e-09,0.0,59
mistral,fp16,32,4.969042725289086e-06,1.2460310542805608e-06,0.0,52
mistral,fp32,32,2.587437657387186e-08,8.81096220983757e-09,0.0,52
mistral,fp16,32,3.375767350100034e-06,8.423608612306843e-07,0.0,71
mistral,fp32,32,2.431810861014405e-08,3.7876982305826146e-09,0.0,71
mistral,fp16,32,5.524288087999877e-06,1.3850435307079158e-06,0.0,102
mistral,fp32,32,1.5804461756173316e-08,1.0830976958191296e-08,0.0,102
mistral,fp16,32,4.105766918005571e-06,1.023264959210124e-06,0.0,94
mistral,fp32,32,1.715243740790795e-08,5.303456798722017e-09,0.0,94
mistral,fp16,32,2.6672222668486234e-06,6.712242443911165e-07,0.0,63
mistral,fp32,32,3.707635050018143e-08,1.0205407322439342e-08,0.0,63
mistral,fp16,32,1.3257137716493617e-06,3.2657940796099183e-07,0.0,113
mistral,fp32,32,1.723852972868034e-08,4.8419382427111746e-09,0.0,113
mistral,fp16,32,3.773270338930379e-06,9.53699323688953e-07,0.0,49
mistral,fp32,32,2.574809239820966e-08,7.684026238430688e-09,0.0,49
mistral,fp16,32,3.8821726821292035e-06,9.645051377328573e-07,0.0,62
mistral,fp32,32,4.073775882774966e-08,4.838880560999181e-09,0.0,62
mistral,fp16,32,1.775759512212538e-06,4.439002446662843e-07,0.0,66
mistral,fp32,32,9.96960364783861e-09,3.6823796867660463e-09,0.0,66
mistral,fp16,32,4.64995149673797e-06,1.1692430407356236e-06,0.0,51
mistral,fp32,32,1.9717812891131836e-08,1.039718468178602e-08,0.0,51
mistral,fp16,32,3.114172016538408e-06,7.673531292884395e-07,0.0,73
mistral,fp32,32,1.9586549496880545e-08,1.0372570753702792e-08,0.0,73
mistral,fp16,32,3.691356373125565e-06,9.249407136729948e-07,0.0,45
mistral,fp32,32,1.5852715889996816e-08,8.690593814031367e-09,0.0,45
mistral,fp16,32,1.2263068873419325e-06,3.086790990175503e-07,0.0,125
mistral,fp32,32,1.759512145032595e-08,6.731781021724129e-09,0.0,125
mistral,fp16,32,2.3967272427816155e-06,6.068470990994168e-07,0.0,68
mistral,fp32,32,1.532438925755386e-08,2.3321741482451586e-09,0.0,68
mistral,fp16,32,2.379838943633583e-06,5.961128260456583e-07,0.0,69
mistral,fp32,32,1.9716072920117345e-08,3.2157784542879986e-09,0.0,69
mistral,fp16,32,3.861669591098682e-06,9.84201134146545e-07,0.0,109
mistral,fp32,32,3.684941365817573e-08,1.1046075460569016e-08,0.0,109
mistral,fp16,32,4.145643849984282e-06,1.0368074349620393e-06,0.0,51
mistral,fp32,32,2.317293101156137e-08,1.080626680711105e-08,0.0,51
mistral,fp16,32,2.2704393580763593e-06,5.666665562481521e-07,0.0,56
mistral,fp32,32,1.6261536006645372e-08,6.323245035216862e-09,0.0,56
mistral,fp16,32,6.2743765822381725e-06,1.5683526436299777e-06,0.0,58
mistral,fp32,32,2.3136203341366955e-08,5.540484048036182e-09,0.0,58
mistral,fp16,32,4.116485419203286e-06,1.0363293334175738e-06,0.0,97
mistral,fp32,32,2.8326270839346135e-08,1.2348754322918931e-08,0.0,97
mistral,fp16,32,2.000210573976924e-06,4.991322115066588e-07,0.0,51
mistral,fp32,32,2.8233611977859785e-08,4.113644478656239e-09,0.0,51
mistral,fp16,32,3.0175257310638415e-06,7.475235355991483e-07,0.0,120
mistral,fp32,32,1.3654858459222208e-08,3.1694062409270973e-09,0.0,120
mistral,fp16,32,4.491088145597288e-06,1.1220822176138956e-06,0.0,74
mistral,fp32,32,1.889548214943637e-08,5.9541848439551015e-09,0.0,74
mistral,fp16,32,5.227942263319463e-06,1.3001034360193842e-06,0.0,68
mistral,fp32,32,1.699931009846445e-08,1.2473891350395228e-08,0.0,68
mistral,fp16,32,4.267644006905602e-06,1.0687462290437377e-06,0.0,90
mistral,fp32,32,3.737591517186112e-08,9.786070933435359e-09,0.0,90
mistral,fp16,32,4.937433402130154e-06,1.2264243555160093e-06,0.0,66
mistral,fp32,32,1.1296172923002789e-08,5.952412281823305e-09,0.0,66
mistral,fp16,32,6.098321819886232e-06,1.5205766775959473e-06,0.0,50
mistral,fp32,32,2.4722271022015185e-08,1.1043298846560856e-08,0.0,50
mistral,fp16,32,2.8711187119445647e-06,7.095253259717382e-07,0.0,50
mistral,fp32,32,1.2205630284256586e-08,3.3121644084106033e-09,0.0,50
mistral,fp16,32,4.8779010697330705e-06,1.22458102502776e-06,0.0,89
mistral,fp32,32,4.0275943413714543e-08,1.0143323347922006e-08,0.0,89
mistral,fp16,32,2.2415919834206655e-06,5.634998838195335e-07,0.0,67
mistral,fp32,32,6.51156283060228e-09,7.400628128980541e-09,0.0,67
mistral,fp16,32,4.5703956015330505e-06,1.1426169937017727e-06,0.0,47
mistral,fp32,32,1.693770542571249e-08,8.654901970453488e-09,0.0,47
mistral,fp16,32,2.65276925492941e-06,6.628360366689456e-07,0.0,79
mistral,fp32,32,1.920822047252191e-08,5.8332796494618006e-09,0.0,79
mistral,fp16,32,3.4957588515016624e-06,8.638600184074363e-07,0.0,85
mistral,fp32,32,3.1925894368066074e-08,9.153468968469552e-09,0.0,85
mistral,fp16,32,4.167020239975727e-06,1.0312771709028445e-06,0.0,64
mistral,fp32,32,2.0493187116027434e-08,5.937810881873062e-09,0.0,64
mistral,fp16,32,2.3521257966896414e-06,5.902026102289071e-07,0.0,52
mistral,fp32,32,1.0514972968722613e-08,2.4421960391485253e-09,0.0,52
mistral,fp16,32,1.5276181273282674e-06,3.8010760899931384e-07,0.0,80
mistral,fp32,32,2.0707453946000598e-08,5.675045896755271e-09,0.0,80
mistral,fp16,32,4.889473162870972e-06,1.2195060225686852e-06,0.0,48
mistral,fp32,32,1.906355719984154e-08,7.749907116223753e-09,0.0,48
mistral,fp16,32,2.6599811150940234e-06,6.720340812033099e-07,0.0,48
mistral,fp32,32,2.7371439293918942e-08,9.850600175736524e-09,0.0,48
mistral,fp16,32,4.54865726595699e-06,1.1272040107423997e-06,0.0,58
mistral,fp32,32,3.3005850150202853e-08,9.52763664512947e-09,0.0,58
mistral,fp16,32,3.5106604331369695e-06,8.700515752579907e-07,0.0,94
mistral,fp32,32,1.1608576721416908e-08,8.145530208669705e-09,0.0,94
mistral,fp16,32,3.7490768716175182e-06,9.39476932684466e-07,0.0,73
mistral,fp32,32,3.709265366646369e-08,3.785795872103537e-09,0.0,73
mistral,fp16,32,4.75445852710088e-06,1.1857163120521097e-06,0.0,81
mistral,fp32,32,1.8740897500535425e-08,1.0406384781669331e-08,0.0,81
mistral,fp16,32,4.026732089379426e-06,1.0063312298747018e-06,0.0,101
mistral,fp32,32,1.625970734182164e-08,4.894713125157095e-09,0.0,101
mistral,fp16,32,1.5631775358571076e-06,3.8514243455578523e-07,0.0,72
mistral,fp32,32,2.0472423003375928e-08,6.167549362716407e-09,0.0,72
mistral,fp16,32,6.572826616368932e-06,1.6342750287501318e-06,0.0,73
mistral,fp32,32,2.4823129910584666e-08,7.956879824117034e-09,0.0,73
mistral,fp16,32,4.663628711432111e-06,1.161178642905547e-06,0.0,98
mistral,fp32,32,4.120583846356496e-08,1.507043889323583e-08,0.0,98
mistral,fp16,32,4.012222535321186e-06,1.0042261740089709e-06,0.0,56
mistral,fp32,32,3.3600596756333534e-08,3.4722158516464763e-09,0.0,56
mistral,fp16,32,5.68001306200383e-06,1.4249195745830168e-06,0.0,83
mistral,fp32,32,1.53271885886333e-08,9.8503871778365e-09,0.0,83
mistral,fp16,32,3.048810777867006e-06,7.578794506551967e-07,0.0,88
mistral,fp32,32,1.8141646192237904e-08,3.2885448214385604e-09,0.0,88
mistral,fp16,32,2.4067846138287052e-06,5.978816226895334e-07,0.0,50
mistral,fp32,32,1.9757763258798633e-08,5.483007255906516e-09,0.0,50
mistral,fp16,32,5.751913447732404e-06,1.4321563341322674e-06,0.0,87
mistral,fp32,32,2.0687704965771658e-08,5.544271725857648e-09,0.0,87
mistral,fp16,32,4.3782097663910835e-06,1.0929757603668835e-06,0.0,71
mistral,fp32,32,3.994855614190829e-08,8.648335304080497e-09,0.0,71
mistral,fp16,32,3.7700062629486553e-06,9.352894111509455e-07,0.0,47
mistral,fp32,32,2.85113741140138e-08,1.7106933542705726e-08,0.0,47
mistral,fp16,32,3.30118669888968e-06,8.184449551973394e-07,0.0,72
mistral,fp32,32,2.179700853838229e-08,4.690099100757017e-09,0.0,72
mistral,fp16,32,6.132995034935362e-06,1.5326786117209057e-06,0.0,119
mistral,fp32,32,4.0282706566252546e-08,7.605724154809406e-09,0.0,119
mistral,fp16,32,2.126550340708633e-06,5.407189078016073e-07,0.0,139
mistral,fp32,32,1.0584923449893924e-08,2.64802291422353e-09,0.0,139
mistral,fp16,32,2.7043903740864295e-06,6.781604210415182e-07,0.0,52
mistral,fp32,32,1.8663403482388485e-08,2.4693435404093966e-09,0.0,52
mistral,fp16,32,4.1052102005556534e-06,1.0266003061115692e-06,0.0,58
mistral,fp32,32,3.5576921825208885e-08,5.615275047027302e-09,0.0,58
mistral,fp16,32,4.631947656097424e-06,1.1571579972557977e-06,0.0,43
mistral,fp32,32,1.8313994210039652e-08,9.529981165323775e-09,0.0,43
mistral,fp16,32,4.287853441739542e-06,1.0792792899810832e-06,0.0,47
mistral,fp32,32,3.1707585987361675e-08,9.110062804823515e-09,0.0,47
mistral,fp16,32,2.1997987106336936e-06,5.479200015645613e-07,0.0,146
mistral,fp32,32,1.653424801933978e-08,3.0800726958084973e-09,0.0,146
mistral,fp16,32,2.1479597931417516e-06,5.40571925024963e-07,0.0,43
mistral,fp32,32,2.782004339396682e-08,4.6859616156975925e-09,0.0,43
mistral,fp16,32,6.037185085787401,0.3453100085229599,0.53125,60
mistral,fp32,32,3.118226534750898e-08,7.13252673275374e-09,0.0,60
mistral,fp16,32,2.467647336981682e-06,6.194936406564433e-07,0.0,47
mistral,fp32,32,2.993220404000352e-08,9.35364527498983e-09,0.0,47
mistral,fp16,32,6.357159683223479e-06,1.592603287846675e-06,0.0,65
mistral,fp32,32,1.4500593281674412e-08,1.170453658647097e-08,0.0,65
mistral,fp16,32,5.161489606914094e-06,1.2853108335986185e-06,0.0,78
mistral,fp32,32,2.3639703289075192e-08,5.346530946269412e-09,0.0,78
mistral,fp16,32,2.4260758346716926e-06,6.083965042730233e-07,0.0,95
mistral,fp32,32,2.396719740033193e-08,3.941959720882987e-09,0.0,95
mistral,fp16,32,2.8184087721427886e-06,7.048408215137858e-07,0.0,58
mistral,fp32,32,1.8960675640666835e-08,1.2436659608400236e-08,0.0,58
mistral,fp16,32,4.672724211229884e-06,1.1713829030091105e-06,0.0,53
mistral,fp32,32,2.7293662215955097e-08,1.4232841669126195e-08,0.0,53
mistral,fp16,32,1.994850059694464e-06,4.967008896406e-07,0.0,67
mistral,fp32,32,2.339301989097431e-08,5.318003559219575e-09,0.0,67
mistral,fp16,32,2.9227554636523934e-06,7.293888175385899e-07,0.0,60
mistral,fp32,32,2.6170553085735904e-08,1.0990145765232134e-08,0.0,60
mistral,fp16,32,3.204203619489032e-06,8.064857623252264e-07,0.0,67
mistral,fp32,32,2.569292360636577e-08,5.5857275653783955e-09,0.0,67
mistral,fp16,32,5.709955341770545e-06,1.4200430678290576e-06,0.0,70
mistral,fp32,32,2.382401900757891e-08,1.2499817175304438e-08,0.0,70
mistral,fp16,32,2.997625825895689e-06,7.45471547311527e-07,0.0,83
mistral,fp32,32,2.0851088564088904e-08,6.1287898887874e-09,0.0,83
mistral,fp16,32,2.9933556641856556,0.15417164119166657,0.25,64
mistral,fp32,32,3.3009322075640973e-08,7.646735469338793e-09,0.0,64
mistral,fp16,32,3.1159403851011014e-06,7.823798662126569e-07,0.0,75
mistral,fp32,32,2.0123393396076494e-08,1.0234919227566051e-08,0.0,75
mistral,fp16,32,7.0655150941068e-06,1.7623312267983637e-06,0.0,38
mistral,fp32,32,2.7611663303006573e-08,2.9084054227468403e-09,0.0,38
mistral,fp16,32,4.194170609872483e-06,1.037920797905545e-06,0.0,115
mistral,fp32,32,2.485980246658137e-08,7.660566096940637e-09,0.0,115
mistral,fp16,32,3.6515444987172962e-06,9.106856398571894e-07,0.0,49
mistral,fp32,32,1.6894352383636096e-08,6.031314908660004e-09,0.0,49
mistral,fp16,32,4.209483983386164e-06,1.0512758542580158e-06,0.0,43
mistral,fp32,32,3.247587533616869e-08,9.198889139132305e-09,0.0,43
mistral,fp16,32,6.401453090276732e-06,1.6034288272820385e-06,0.0,53
mistral,fp32,32,1.725918815764088e-08,5.4862294325552785e-09,0.0,53
mistral,fp16,32,1.2572048079251275e-06,3.1152230411946036e-07,0.0,80
mistral,fp32,32,2.0568443746815657e-08,8.41342292015601e-09,0.0,80
mistral,fp16,32,5.306155260120793e-06,1.3135950732434676e-06,0.0,59
mistral,fp32,32,2.042106454075432e-08,9.64666486231655e-09,0.0,59
mistral,fp16,32,4.572495392485276e-06,1.1532629092154967e-06,0.0,51
mistral,fp32,32,2.063668952737019e-08,8.584475450802709e-09,0.0,51
mistral,fp16,32,3.3638647274347733e-06,8.406224077661673e-07,0.0,98
mistral,fp32,32,1.3576669864734381e-08,1.0373783430905371e-08,0.0,98
mistral,fp16,32,4.237094861303525e-06,1.0562593534269027e-06,0.0,72
mistral,fp32,32,3.974836391149386e-08,9.928763748667802e-09,0.0,72
mistral,fp16,32,4.577173985831351e-06,1.1438208873670863e-06,0.0,78
mistral,fp32,32,2.398068885828275e-08,1.1305879313912998e-08,0.0,78
mistral,fp16,32,4.835630244892641e-06,1.2053185760307894e-06,0.0,53
mistral,fp32,32,1.5036337133733646e-08,5.696640510005624e-09,0.0,53
mistral,fp16,32,3.517651656181897e-06,8.759772978511604e-07,0.0,85
mistral,fp32,32,2.1783939069264235e-08,5.900955390991669e-09,0.0,85
mistral,fp16,32,4.841233707031378e-06,1.2103845126176793e-06,0.0,51
mistral,fp32,32,2.2009859787161523e-08,9.57490005077527e-09,0.0,51
mistral,fp16,32,5.082018720070636e-06,1.2684316445868427e-06,0.0,70
mistral,fp32,32,3.181561918129752e-08,1.0327340495145179e-08,0.0,70
mistral,fp16,32,1.7622829716623656e-06,4.44269255051033e-07,0.0,79
mistral,fp32,32,1.4560225209542255e-08,5.5282012403120445e-09,0.0,79
mistral,fp16,32,3.835327008872014e-06,9.613778533534845e-07,0.0,51
mistral,fp32,32,5.133166758319874e-08,9.093411324390295e-09,0.0,51
mistral,fp16,32,6.286725875659371e-06,1.5736444823749585e-06,0.0,75
mistral,fp32,32,1.8265006068737366e-08,7.4154399916374805e-09,0.0,75
mistral,fp16,32,8.65116446102654e-06,2.1587733336631e-06,0.0,75
mistral,fp32,32,2.780441139002901e-08,6.482803180667303e-09,0.0,75
mistral,fp16,32,5.748706132902015e-06,1.4353443952425105e-06,0.0,66
mistral,fp32,32,3.269560177763739e-08,9.144238875434182e-09,0.0,66
mistral,fp16,32,3.815932356765472e-06,9.481656158376317e-07,0.0,64
mistral,fp32,32,3.055737185953412e-08,9.551034906295523e-09,0.0,64
mistral,fp16,32,2.549668050910725e-06,6.389191471306566e-07,0.0,50
mistral,fp32,32,3.548460730806724e-08,4.896734615011944e-09,0.0,50
mistral,fp16,32,3.708639829902438e-06,9.191849689726972e-07,0.0,75
mistral,fp32,32,3.0606839667751756e-08,8.93543515394224e-09,0.0,75
mistral,fp16,32,6.450257262050063e-06,1.6068322083589992e-06,0.0,55
mistral,fp32,32,2.5697354688603014e-08,1.1138035018999582e-08,0.0,55
mistral,fp16,32,3.662507796903247e-06,9.066184984765635e-07,0.0,92
mistral,fp32,32,1.8010883741891026e-08,3.6788140181723272e-09,0.0,92
mistral,fp16,32,2.109597825539211e-06,5.294433849806213e-07,0.0,109
mistral,fp32,32,2.084355080894662e-08,2.251665668154268e-09,0.0,109
mistral,fp16,32,1.843763979714197e-06,4.60766922227851e-07,0.0,58
mistral,fp32,32,3.0929295409543034e-08,3.837739389299377e-09,0.0,58
mistral,fp16,32,2.52633898867316e-06,6.32361492863831e-07,0.0,62
mistral,fp32,32,1.583633352057745e-08,2.9102841829151127e-09,0.0,62
mistral,fp16,32,6.217977163824884e-06,1.5358645769417145e-06,0.0,128
mistral,fp32,32,1.792737191119373e-08,1.345748728773244e-08,0.0,128
mistral,fp16,32,4.761046882628683e-06,1.1856729351736317e-06,0.0,55
mistral,fp32,32,2.3041962703314323e-08,9.380929010156802e-09,0.0,55
mistral,fp16,32,3.036841496661946e-06,7.532404174906415e-07,0.0,77
mistral,fp32,32,1.3085146570446238e-08,4.320518569864498e-09,0.0,77
mistral,fp16,32,4.470092576980278e-06,1.1149279423861014e-06,0.0,65
mistral,fp32,32,2.30851607283325e-08,8.185280005873485e-09,0.0,65
mistral,fp16,32,2.391732308260064e-06,5.906721573106788e-07,0.0,107
mistral,fp32,32,2.011080539598975e-08,5.199099767242213e-09,0.0,107
mistral,fp16,32,2.1022220048905194e-06,5.235470756786986e-07,0.0,67
mistral,fp32,32,2.6439898499763803e-08,4.0215581177671655e-09,0.0,67
mistral,fp16,32,3.2348481748822877e-06,7.987536145420693e-07,0.0,99
mistral,fp32,32,2.1331999291995807e-08,6.7680209284159965e-09,0.0,99
mistral,fp16,32,4.263050276787084e-06,1.0748445849334543e-06,0.0,64
mistral,fp32,32,1.914967127903365e-08,9.821341071238553e-09,0.0,64
mistral,fp16,32,4.8276536201985465e-06,1.2060790125500986e-06,0.0,92
mistral,fp32,32,2.4345298357125733e-08,8.337861706186195e-09,0.0,92
mistral,fp16,32,3.505008007720356e-06,8.791222776277641e-07,0.0,42
mistral,fp32,32,1.9220079820227165e-08,1.2738774129300579e-08,0.0,42
mistral,fp16,32,4.227809201881594e-06,1.070724368758269e-06,0.0,70
mistral,fp32,32,4.356721504611763e-08,1.031902039998981e-08,0.0,70
mistral,fp16,32,5.484752687856531e-06,1.3614640178571946e-06,0.0,82
mistral,fp32,32,2.0339294064947167e-08,1.2588393783212644e-08,0.0,82
mistral,fp16,32,5.969390789617446e-06,1.4849081898526961e-06,0.0,59
mistral,fp32,32,2.6983299972020702e-08,1.1327054994560984e-08,0.0,59
mistral,fp16,32,4.209690714906955e-06,1.045058414340938e-06,0.0,86
mistral,fp32,32,1.968769891558253e-08,8.420534338164296e-09,0.0,86
mistral,fp16,32,3.324682087080255e-06,8.306000492119825e-07,0.0,72
mistral,fp32,32,2.4769796515104747e-08,3.760484616407989e-09,0.0,72
mistral,fp16,32,2.8091273749364376e-06,7.040726729273805e-07,0.0,62
mistral,fp32,32,2.7859579809774715e-08,7.202109568449355e-09,0.0,62
mistral,fp16,32,3.785672070932833e-06,9.530733983686979e-07,0.0,51
mistral,fp32,32,2.5601792219206998e-08,6.44259969635394e-09,0.0,51
mistral,fp16,32,4.171543767209074e-06,1.0314353582306646e-06,0.0,53
mistral,fp32,32,2.0573777521903924e-08,2.5432450641987847e-09,0.0,53
mistral,fp16,32,2.411695024601146e-06,6.023517765338382e-07,0.0,89
mistral,fp32,32,1.2656642574271348e-08,5.566950608826282e-09,0.0,89
mistral,fp16,32,3.1065962784460055e-06,7.783529068286499e-07,0.0,57
mistral,fp32,32,2.3156600061080557e-08,5.4709736584807045e-09,0.0,57
mistral,fp16,32,3.2359548250981973e-06,8.186239135454798e-07,0.0,62
mistral,fp32,32,1.50733215215082e-08,4.502036894324379e-09,0.0,62
mistral,fp16,32,4.07578834593636e-06,1.0199303761820183e-06,0.0,94
mistral,fp32,32,1.2927476744032523e-08,6.883514961752556e-09,0.0,94
mistral,fp16,32,2.2634631213214185e-06,5.60629003366897e-07,0.0,46
mistral,fp32,32,8.619106076426797e-09,4.551192890871886e-09,0.0,46
mistral,fp16,32,2.904075589782451e-06,7.208740174652339e-07,0.0,45
mistral,fp32,32,2.935466773292244e-08,6.054624618291246e-09,0.0,45
mistral,fp16,32,5.085624979195291e-06,1.2697328813371378e-06,0.0,60
mistral,fp32,32,2.8904434096199694e-08,1.2605022019299963e-08,0.0,60
mistral,fp16,32,4.9732975199168195e-06,1.246410344703415e-06,0.0,46
mistral,fp32,32,3.4003751812547445e-08,1.35504703843237e-08,0.0,46
mistral,fp16,32,2.948278390396686e-06,7.374980498086464e-07,0.0,54
mistral,fp32,32,2.716904227463568e-08,6.915464628460405e-09,0.0,54
mistral,fp16,32,3.73402309938875e-06,9.330187912270915e-07,0.0,50
mistral,fp32,32,1.9666213747771e-08,7.815302070432462e-09,0.0,50
mistral,fp16,32,3.0572425018249305e-06,7.485041765287193e-07,0.0,98
mistral,fp32,32,2.2885322074894798e-08,6.119387957134476e-09,0.0,98
mistral,fp16,32,3.9610831547576275e-06,9.89398510911621e-07,0.0,46
mistral,fp32,32,3.225785646931989e-08,7.617985800338622e-09,0.0,46
mistral,fp16,32,4.461782954934268e-06,1.1223995752124294e-06,0.0,82
mistral,fp32,32,3.257388070951675e-08,6.949640070938543e-09,0.0,82
mistral,fp16,32,4.201378230206387e-06,1.0502651422994447e-06,0.0,59
mistral,fp32,32,3.538091643165257e-08,9.383679816765125e-09,0.0,59
mistral,fp16,32,0.26146002294354476,0.019163315654773028,0.0625,47
mistral,fp32,32,2.5780512252771004e-08,1.2213621022535981e-08,0.0,47
mistral,fp16,32,4.132994602112916e-06,1.0342090128734327e-06,0.0,96
mistral,fp32,32,2.3563799668446794e-08,7.828199165282879e-09,0.0,96
mistral,fp16,32,1.5221124683126683,0.11322598600781625,0.21875,57
mistral,fp32,32,1.958367989995935e-08,8.555852850419127e-09,0.0,57
mistral,fp16,32,4.102213283729839e-06,1.014638609991847e-06,0.0,61
mistral,fp32,32,3.628372320348475e-08,8.086682963884262e-09,0.0,61
mistral,fp16,32,3.789639388407373e-06,9.394320450162308e-07,0.0,91
mistral,fp32,32,2.4915640281855667e-08,3.761371252224838e-09,0.0,91
mistral,fp16,32,1.3976712619490073e-06,3.5563065199292754e-07,0.0,65
mistral,fp32,32,1.3835019276042804e-08,2.9905814187894397e-09,0.0,65
mistral,fp16,32,3.01140668623745e-06,7.617546708416079e-07,0.0,66
mistral,fp32,32,2.833023486636943e-08,4.515361419835107e-09,0.0,66
mistral,fp16,32,3.0784765181479656e-06,7.740618105378516e-07,0.0,89
mistral,fp32,32,1.967548935583041e-08,8.741213126592373e-09,0.0,89
mistral,fp16,32,7.424178599890752e-06,1.859442598672878e-06,0.0,54
mistral,fp32,32,3.924039471137064e-08,9.421385449570607e-09,0.0,54
mistral,fp16,32,4.025964484455358e-06,1.0036619675357628e-06,0.0,57
mistral,fp32,32,3.8807137253682455e-08,6.6565687753539216e-09,0.0,57
mistral,fp16,32,4.551163867327901e-06,1.1426814605641766e-06,0.0,58
mistral,fp32,32,2.6448915280141705e-08,1.1528774400415553e-08,0.0,58
mistral,fp16,32,3.94659594304958e-06,9.81920138865e-07,0.0,51
mistral,fp32,32,1.948631248027688e-08,7.142161688455939e-09,0.0,51
mistral,fp16,32,2.763961088780853e-06,6.908853206963328e-07,0.0,69
mistral,fp32,32,1.5016266967284725e-08,1.083587796748398e-08,0.0,69
mistral,fp16,32,1.0913269785639557e-06,2.680800881560419e-07,0.0,30
mistral,fp32,32,2.083043728544169e-08,7.900011923713673e-09,0.0,30
mistral,fp16,32,1.9888456916916653e-06,4.923607460627366e-07,0.0,71
mistral,fp32,32,2.6195258562983215e-08,3.717612048282151e-09,0.0,71
mistral,fp16,32,2.4628237441093326e-06,6.179625942834277e-07,0.0,50
mistral,fp32,32,1.8253271776014213e-08,6.535220228691407e-09,0.0,50
mistral,fp16,32,2.2688462715247937e-06,5.678105789858057e-07,0.0,70
mistral,fp32,32,1.6697877656957072e-08,5.353091118813491e-09,0.0,70
mistral,fp16,32,2.441442309875086e-06,6.068996522175241e-07,0.0,54
mistral,fp32,32,2.4879304040765007e-08,6.511119351798253e-09,0.0,54
mistral,fp16,32,3.1917345084675475e-06,7.967951317355837e-07,0.0,86
mistral,fp32,32,2.9783220556467427e-08,3.4906516984626462e-09,0.0,86
mistral,fp16,32,3.6279149997486826e-06,9.019655993203202e-07,0.0,77
mistral,fp32,32,3.936879330564483e-08,4.200949699651596e-09,0.0,77
mistral,fp16,32,3.1590062758435344e-06,7.878914623921096e-07,0.0,68
mistral,fp32,32,2.2244589337194753e-08,1.0047945126975821e-08,0.0,68
mistral,fp16,32,9.550103844124802e-06,2.383810626185867e-06,0.0,66
mistral,fp32,32,4.737677411145724e-08,9.47347434917048e-09,0.0,66
mistral,fp16,32,4.477287499526916e-06,1.118041325298691e-06,0.0,72
mistral,fp32,32,2.4252094443788508e-08,6.720171321543747e-09,0.0,72
mistral,fp16,32,3.100907276509801e-06,7.779998866253024e-07,0.0,59
mistral,fp32,32,1.4239874980559453e-08,5.025053898379331e-09,0.0,59
mistral,fp16,32,3.411099267824902e-06,8.421833778485266e-07,0.0,76
mistral,fp32,32,3.370464047441901e-08,6.174180866927188e-09,0.0,76
mistral,fp16,32,5.423567364104542e-06,1.349922095369993e-06,0.0,73
mistral,fp32,32,2.7227562991553877e-08,7.171031390224014e-09,0.0,73
mistral,fp16,32,4.314701538055132e-06,1.0792247746305161e-06,0.0,75
mistral,fp32,32,2.7847390338120448e-08,8.66228251787996e-09,0.0,75
mistral,fp16,32,4.767780845238434e-06,1.1856146739253753e-06,0.0,76
mistral,fp32,32,4.012543505793609e-08,7.658007193439217e-09,0.0,76
mistral,fp16,32,2.4778731082530925e-06,6.171451217978907e-07,0.0,66
mistral,fp32,32,1.3690109198615658e-08,4.355651026053536e-09,0.0,66
mistral,fp16,32,4.322075076501619e-06,1.0855540754223236e-06,0.0,57
mistral,fp32,32,2.838141949582096e-08,1.2024269104059584e-08,0.0,57
mistral,fp16,32,5.45982879929241e-06,1.360694629665149e-06,0.0,79
mistral,fp32,32,3.743306998529525e-08,1.0332865079299043e-08,0.0,79
mistral,fp16,32,6.852388180936401,0.3525714005038518,0.53125,54
mistral,fp32,32,2.3257713188933743e-08,7.42158669242432e-09,0.0,54
mistral,fp16,32,3.7331525746253647e-06,9.337423942379353e-07,0.0,69
mistral,fp32,32,2.40360488595881e-08,8.567652842825929e-09,0.0,69
mistral,fp16,32,4.639055273369941e-06,1.15671856804056e-06,0.0,65
mistral,fp32,32,2.0774002897029284e-08,5.787197237053232e-09,0.0,65
mistral,fp16,32,1.0886361796488773,0.07900531616568773,0.15625,54
mistral,fp32,32,1.8407948840573618e-08,8.774218010140777e-09,0.0,54
mistral,fp16,32,1.8406060417475167e-06,4.589020443993008e-07,0.0,50
mistral,fp32,32,2.3227296253036656e-08,4.173791787230943e-09,0.0,50
mistral,fp16,32,2.6758892091027775e-06,6.702932126845251e-07,0.0,99
mistral,fp32,32,2.7763761047128188e-08,5.8781530181545305e-09,0.0,99
mistral,fp16,32,2.2179840466485246e-06,5.636263064323632e-07,0.0,76
mistral,fp32,32,3.14924366827396e-08,7.911882118644825e-09,0.0,76
mistral,fp16,32,2.5485738474051445e-06,6.319130974319354e-07,0.0,78
mistral,fp32,32,1.8961724031207883e-08,6.414907032653572e-09,0.0,78
mistral,fp16,32,3.939713252187893e-06,9.843507733689992e-07,0.0,88
mistral,fp32,32,2.3361287748019377e-08,8.33818708176337e-09,0.0,88
mistral,fp16,32,1.7258339499726105e-06,4.3175031222419946e-07,0.0,107
mistral,fp32,32,3.055128830475873e-08,6.005365758496306e-09,0.0,107
mistral,fp16,32,2.1264460471071e-06,5.345261208378194e-07,0.0,132
mistral,fp32,32,1.4005398220502674e-08,3.7129155740613443e-09,0.0,132
mistral,fp16,32,3.6435305825754938e-06,9.149458185531145e-07,0.0,48
mistral,fp32,32,2.167714745898719e-08,5.644215143874032e-09,0.0,48
mistral,fp16,32,4.564888032576597e-06,1.1461794061119746e-06,0.0,72
mistral,fp32,32,1.6511372793320822e-08,1.133949363449566e-08,0.0,72
mistral,fp16,32,4.605769435728213e-06,1.1448048529011379e-06,0.0,41
mistral,fp32,32,1.8227099875321555e-08,4.964108305839654e-09,0.0,41
mistral,fp16,32,3.2750785367019475e-06,8.231857774598783e-07,0.0,70
mistral,fp32,32,3.262799321349097e-08,9.06756730334815e-09,0.0,70
mistral,fp16,32,4.062069592705719e-06,1.015586284866185e-06,0.0,57
mistral,fp32,32,3.007171231543234e-08,8.44114052615775e-09,0.0,57
mistral,fp16,32,2.9430737220614844e-06,7.378461326576491e-07,0.0,99
mistral,fp32,32,3.531939367362735e-08,9.460365893443345e-09,0.0,99
mistral,fp16,32,4.088421891867977e-06,1.0266420504452534e-06,0.0,60
mistral,fp32,32,2.672950926958464e-08,5.970524119807558e-09,0.0,60
mistral,fp16,32,2.7051185136350853e-06,6.773460729248004e-07,0.0,78
mistral,fp32,32,3.342280824672472e-08,4.968338340998607e-09,0.0,78
mistral,fp16,32,4.252242668811856e-06,1.0684394134152786e-06,0.0,65
mistral,fp32,32,1.4581604475955023e-08,1.3843919236347126e-08,0.0,65
mistral,fp16,32,4.1662300917337525e-06,1.038733061672209e-06,0.0,87
mistral,fp32,32,7.206643793007672e-09,1.1460192255677987e-08,0.0,87
mistral,fp16,32,3.742342877921523e-06,9.35525776984969e-07,0.0,72
mistral,fp32,32,2.7762945928322402e-08,5.876023653761386e-09,0.0,72
mistral,fp16,32,2.190776378530046e-06,5.471220883013217e-07,0.0,43
mistral,fp32,32,1.6808658367950535e-08,6.200037091369515e-09,0.0,43
mistral,fp16,32,4.691540110401959e-06,1.1683408439044918e-06,0.0,50
mistral,fp32,32,2.617870682730672e-08,3.407363165924826e-09,0.0,50
mistral,fp16,32,8.608172081861487e-05,2.0187099433070788e-05,0.03125,53
mistral,fp32,32,1.6558845031267033e-08,3.7451974004704125e-09,0.0,53
mistral,fp16,32,7.33697192201177e-06,1.8302351329491096e-06,0.0,73
mistral,fp32,32,3.050296551031662e-08,5.982700404527641e-09,0.0,73
mistral,fp16,32,3.0476738233919942e-06,7.504793411022836e-07,0.0,77
mistral,fp32,32,2.4575041411567522e-08,9.810943369997424e-09,0.0,77
mistral,fp16,32,6.00370261089056e-06,1.500773039703196e-06,0.0,62
mistral,fp32,32,1.8344671942963076e-08,6.5897793029637275e-09,0.0,62
mistral,fp16,32,3.1262919273911116e-06,7.832003959956646e-07,0.0,56
mistral,fp32,32,3.085065783175675e-08,6.883840425637999e-09,0.0,56
mistral,fp16,32,1.064567801745131e-06,2.675748291547375e-07,0.0,52
mistral,fp32,32,2.1269516037314418e-08,4.547968284959736e-09,0.0,52
mistral,fp16,32,4.133360176905576e-06,1.0327009877519888e-06,0.0,42
mistral,fp32,32,2.4881503770529667e-08,8.95255030178288e-09,0.0,42
mistral,fp16,32,4.284708997936981e-06,1.0711822969119988e-06,0.0,41
mistral,fp32,32,3.024157788772408e-08,8.070547021475638e-09,0.0,41
mistral,fp16,32,4.4318776677432226e-06,1.0997100603760135e-06,0.0,53
mistral,fp32,32,2.4569398020431177e-08,1.1234299188161599e-08,0.0,53
mistral,fp16,32,3.7865574669671e-06,9.499592867473483e-07,0.0,92
mistral,fp32,32,2.3946347460501727e-08,4.188600905355444e-09,0.0,92
mistral,fp16,32,3.836784589594799e-06,9.544051013943289e-07,0.0,87
mistral,fp32,32,1.8559727775480095e-08,8.155489131245197e-09,0.0,87
mistral,fp16,32,3.468199402112404e-06,8.718668368101756e-07,0.0,83
mistral,fp32,32,1.5788817960948193e-08,3.2073378129814437e-09,0.0,83
mistral,fp16,32,2.7010013626815876e-06,6.68340399023748e-07,0.0,43
mistral,fp32,32,2.405464955695935e-08,4.980714750357773e-09,0.0,43
mistral,fp16,32,1.484710525412325e-06,3.693485277622699e-07,0.0,84
mistral,fp32,32,2.532976038638335e-08,6.401315363196991e-09,0.0,84
mistral,fp16,32,1.9170639933285827e-06,4.77692675082686e-07,0.0,50
mistral,fp32,32,1.7826578074808808e-08,6.460313929212286e-09,0.0,50
mistral,fp16,32,5.4868360677140515e-06,1.3741659379007398e-06,0.0,74
mistral,fp32,32,2.983685144786197e-08,3.854529666801054e-09,0.0,74
mistral,fp16,32,3.7865183098451105e-06,9.383963902598325e-07,0.0,114
mistral,fp32,32,3.2931859947349373e-08,8.22639998135366e-09,0.0,114
mistral,fp16,32,4.760370684198101e-06,1.195045272961437e-06,0.0,47
mistral,fp32,32,2.6089677099272457e-08,7.353087284875707e-09,0.0,47
mistral,fp16,32,5.4597725846206036e-06,1.3582431828383645e-06,0.0,71
mistral,fp32,32,2.9077651418196043e-08,6.042400559069794e-09,0.0,71
mistral,fp16,32,3.319407657464968e-06,8.330372164994104e-07,0.0,70
mistral,fp32,32,1.6424434605118512e-08,6.637817635823939e-09,0.0,70
mistral,fp16,32,4.06366558891591e-06,1.026594264392361e-06,0.0,41
mistral,fp32,32,3.560227943862461e-08,7.386986931867678e-09,0.0,41
mistral,fp16,32,3.3300606262498533e-06,8.314960464883558e-07,0.0,91
mistral,fp32,32,2.294406616402348e-08,4.501193795079447e-09,0.0,91
mistral,fp16,32,3.383765686426621e-06,8.46452828232036e-07,0.0,110
mistral,fp32,32,3.4138298002708845e-08,3.5745067079873127e-09,0.0,110
mistral,fp16,32,2.9334201653297143e-06,7.308843263109654e-07,0.0,124
mistral,fp32,32,2.3423496028646823e-08,3.5309503793046204e-09,0.0,124
mistral,fp16,32,3.4342197623993265e-06,8.659229823772263e-07,0.0,70
mistral,fp32,32,2.6239501342562033e-08,3.066735927269998e-09,0.0,70
mistral,fp16,32,1.4608211961197881e-06,3.644146512049584e-07,0.0,49
mistral,fp32,32,1.5022516484247683e-08,6.0811890315037864e-09,0.0,49
mistral,fp16,32,4.992998531072601e-06,1.2492572126765467e-06,0.0,59
mistral,fp32,32,2.945732524572975e-08,7.721795439771372e-09,0.0,59
mistral,fp16,32,3.6155142502103388e-06,8.94782634208724e-07,0.0,53
mistral,fp32,32,2.48035792391188e-08,9.406940903317063e-09,0.0,53
mistral,fp16,32,5.653985004405726e-06,1.4147581407497611e-06,0.0,68
mistral,fp32,32,1.1578550452510765e-08,1.3833764000862128e-08,0.0,68
mistral,fp16,32,2.8114778798382645e-06,7.021307412147237e-07,0.0,55
mistral,fp32,32,4.2161710556848364e-08,2.8097909329088955e-09,0.0,55
mistral,fp16,32,4.428750374430024e-06,1.1143253460521585e-06,0.0,76
mistral,fp32,32,2.4294116206594052e-08,1.2079409236753769e-08,0.0,76
mistral,fp16,32,3.7850871665856545e-06,9.355232720928419e-07,0.0,53
mistral,fp32,32,1.2777112198131269e-08,5.59841232877431e-09,0.0,53
mistral,fp16,32,2.4593355809621187e-06,6.14490397121692e-07,0.0,88
mistral,fp32,32,1.2582585692116899e-08,4.924448401789558e-09,0.0,88
mistral,fp16,32,4.488018689574602e-06,1.1143203171859462e-06,0.0,46
mistral,fp32,32,2.7894077856555066e-08,6.7785664581432314e-09,0.0,46
mistral,fp16,32,2.5668238923248765e-06,6.344825064230619e-07,0.0,62
mistral,fp32,32,1.92698072359887e-08,6.451889323147442e-09,0.0,62
mistral,fp16,32,5.270234397336537e-06,1.3097818594709487e-06,0.0,35
mistral,fp32,32,3.758373136276624e-08,6.478648844178772e-09,0.0,35
mistral,fp16,32,7.401219726671515e-06,1.842950676733679e-06,0.0,45
mistral,fp32,32,1.5091930310280263e-08,1.2319240249984188e-08,0.0,45
mistral,fp16,32,2.368196121649291e-06,5.827177583656029e-07,0.0,42
mistral,fp32,32,3.8948626240875583e-08,4.82060645394522e-09,0.0,42
mistral,fp16,32,2.7659966379545153e-06,6.881141732528739e-07,0.0,136
mistral,fp32,32,2.7256900347882862e-08,6.908314620444195e-09,0.0,136
mistral,fp16,32,5.288383351675918e-06,1.3313417148719253e-06,0.0,127
mistral,fp32,32,2.0016619544597353e-08,9.91769739586406e-09,0.0,127
mistral,fp16,32,3.3767466494083465e-06,8.413707470178444e-07,0.0,52
mistral,fp32,32,3.260182834807779e-08,1.2950715194692819e-08,0.0,52
mistral,fp16,32,4.136958735245777e-06,1.035674947608145e-06,0.0,43
mistral,fp32,32,2.721955941198395e-08,5.375704422404259e-09,0.0,43
mistral,fp16,32,3.0882595114106737e-06,7.739351898863878e-07,0.0,40
mistral,fp32,32,1.9248329744328552e-08,6.732524591860148e-09,0.0,40
mistral,fp16,32,3.9837454482438694e-06,9.8676130599884e-07,0.0,134
mistral,fp32,32,1.7294415961821574e-08,9.707391051584635e-09,0.0,134
mistral,fp16,32,4.132971766379612e-06,1.0390647954827692e-06,0.0,70
mistral,fp32,32,1.8887388509095104e-08,7.146319410582594e-09,0.0,70
mistral,fp16,32,4.240901494922955e-06,1.0631261680073972e-06,0.0,41
mistral,fp32,32,2.4048027401878114e-08,1.0374323657080797e-08,0.0,41
mistral,fp16,32,2.9197454198826023e-06,7.288738656796578e-07,0.0,87
mistral,fp32,32,2.5272133295783927e-08,6.184908394463173e-09,0.0,87
mistral,fp16,32,5.155101415077468e-06,1.2819263101454537e-06,0.0,86
mistral,fp32,32,2.2050006598384186e-08,1.5825482549414183e-08,0.0,86
mistral,fp16,32,3.0682238963408714e-06,7.78381932253075e-07,0.0,82
mistral,fp32,32,3.071252438328377e-08,1.144114228135212e-08,0.0,82
mistral,fp16,32,2.9404673567157147e-06,7.369938305433477e-07,0.0,60
mistral,fp32,32,1.917558700291911e-08,9.732058308536962e-09,0.0,60
mistral,fp16,32,3.7833906749717983e-06,9.472354658979221e-07,0.0,60
mistral,fp32,32,2.4248704710849722e-08,5.957644021344077e-09,0.0,60
mistral,fp16,32,4.2494108359880656e-06,1.0640965193986496e-06,0.0,74
mistral,fp32,32,1.7078038740125923e-08,6.8558904664506315e-09,0.0,74
mistral,fp16,32,4.176007764977729e-06,1.0473199479887896e-06,0.0,67
mistral,fp32,32,1.0462694860556392e-08,7.213430461470668e-09,0.0,67
mistral,fp16,32,5.416307095496009e-06,1.343779461662753e-06,0.0,39
mistral,fp32,32,2.6956525052065916e-08,5.811697293930159e-09,0.0,39
mistral,fp16,32,2.4812794053030718e-06,6.259695011015531e-07,0.0,123
mistral,fp32,32,1.880340171935002e-08,2.8630783004829352e-09,0.0,123
mistral,fp16,32,1.5595557278924588e-06,3.882182012804325e-07,0.0,58
mistral,fp32,32,2.7600120562285002e-08,7.752839269875578e-09,0.0,58
mistral,fp16,32,3.6545619531910822e-06,9.168488452728288e-07,0.0,48
mistral,fp32,32,3.280116334032684e-08,5.277820832485353e-09,0.0,48
mistral,fp16,32,2.665148418290464e-06,6.733449712734152e-07,0.0,106
mistral,fp32,32,1.7910975978730447e-08,5.297574516647391e-09,0.0,106
mistral,fp16,32,4.057886493769036e-06,1.008639954017121e-06,0.0,130
mistral,fp32,32,3.6137168472893944e-08,1.4828498047514405e-09,0.0,130
mistral,fp16,32,4.83494491865244e-06,1.194031704800395e-06,0.0,97
mistral,fp32,32,2.2401877923321732e-08,8.835498302179473e-09,0.0,97
mistral,fp16,32,5.354154913206344e-06,1.3452875677333331e-06,0.0,60
mistral,fp32,32,4.094647321206679e-08,1.0544493992152223e-08,0.0,60
mistral,fp16,32,2.249446843016756e-06,5.546460569716416e-07,0.0,37
mistral,fp32,32,3.368663041916631e-08,2.3662601045248977e-09,0.0,37
mistral,fp16,32,9.463012633444123e-06,2.363374075867522e-06,0.0,75
mistral,fp32,32,2.3101643146513796e-08,9.966244032220137e-09,0.0,75
mistral,fp16,32,1.7042075244333432e-06,4.1940037850962675e-07,0.0,51
mistral,fp32,32,3.573069578405308e-08,3.2104738659222143e-09,0.0,51
mistral,fp16,32,2.0322039750997334e-06,5.033719653463331e-07,0.0,49
mistral,fp32,32,3.134226246072347e-08,4.592956800476833e-09,0.0,49
mistral,fp16,32,3.7769151997879558e-06,9.468209327574695e-07,0.0,62
mistral,fp32,32,2.565603210435974e-08,1.3960436177950022e-08,0.0,62
mistral,fp16,32,4.183654006228998e-06,1.0463644752045642e-06,0.0,43
mistral,fp32,32,2.1167326426374533e-08,5.9582790506995664e-09,0.0,43
mistral,fp16,32,2.7850173664467626e-06,6.96398905652984e-07,0.0,49
mistral,fp32,32,2.5288975679174652e-08,7.897108863542945e-09,0.0,49
mistral,fp16,32,4.183763810727825e-06,1.0417765540721505e-06,0.0,74
mistral,fp32,32,2.0499122958990423e-08,9.139578377968804e-09,0.0,74
mistral,fp16,32,7.629058917879572e-06,1.9000572820532247e-06,0.0,47
mistral,fp32,32,2.5738328623920803e-08,6.43655217839878e-09,0.0,47
mistral,fp16,32,3.3024516921109637e-06,8.212269409779704e-07,0.0,58
mistral,fp32,32,2.456114288340583e-08,7.4097207744538984e-09,0.0,58
mistral,fp16,32,2.3341572648050146e-06,5.852374003190164e-07,0.0,50
mistral,fp32,32,2.07939573892979e-08,2.640746100956992e-09,0.0,50
mistral,fp16,32,4.501346720475752e-06,1.1301470168728622e-06,0.0,98
mistral,fp32,32,3.136057055773238e-08,1.0095936055914967e-08,0.0,98
mistral,fp16,32,4.219530731042198e-06,1.047736464754312e-06,0.0,48
mistral,fp32,32,3.5922591943172294e-08,9.584841367316944e-09,0.0,48
mistral,fp16,32,5.634396034778777e-06,1.40590684701708e-06,0.0,89
mistral,fp32,32,3.4855997044398734e-08,6.377178240496862e-09,0.0,89
mistral,fp16,32,7.783500078073491e-06,1.949181664477953e-06,0.0,49
mistral,fp32,32,2.1926436048758102e-08,8.940467873951204e-09,0.0,49
mistral,fp16,32,3.1761826988353607e-06,7.91729827688179e-07,0.0,51
mistral,fp32,32,2.128996040053066e-08,7.1463439057454364e-09,0.0,51
mistral,fp16,32,4.394836527379931e-06,1.1032750768420752e-06,0.0,42
mistral,fp32,32,1.5949413186000516e-08,4.133254931024122e-09,0.0,42
mistral,fp16,32,2.9844727097889934e-06,7.39568242580195e-07,0.0,75
mistral,fp32,32,2.028011067393043e-08,1.1087519315318949e-08,0.0,75
mistral,fp16,32,1.6897123092940447e-06,4.1685670634783456e-07,0.0,53
mistral,fp32,32,2.1654119487096724e-08,5.497818035028745e-09,0.0,53
mistral,fp16,32,4.4540375019330725e-06,1.1160158322615077e-06,0.0,107
mistral,fp32,32,2.1228390607863634e-08,1.653563674007541e-09,0.0,107
mistral,fp16,32,1.068786007318856e-05,2.678330065349066e-06,0.0,104
mistral,fp32,32,3.455414323855904e-08,4.465702371287588e-09,0.0,104
mistral,fp16,32,4.802969709949423e-06,1.194525175857164e-06,0.0,66
mistral,fp32,32,3.003764154768662e-08,5.50238023590624e-09,0.0,66
mistral,fp16,32,0.10272990810357752,0.018016341033673833,0.0625,41
mistral,fp32,32,2.924382949687221e-08,9.749585999641042e-09,0.0,41
mistral,fp16,32,3.6359943198505107e-06,9.101127518770791e-07,0.0,64
mistral,fp32,32,3.5040996131628643e-08,7.45727989429068e-09,0.0,64
mistral,fp16,32,3.975632909325455e-06,9.891386733018592e-07,0.0,37
mistral,fp32,32,2.28039190239282e-08,1.101873608772442e-08,0.0,37
mistral,fp16,32,4.4973631063705e-06,1.123812043035688e-06,0.0,52
mistral,fp32,32,2.606845048581507e-08,1.4113073311568247e-08,0.0,52
mistral,fp16,32,3.267386536665029e-06,8.187596335362812e-07,0.0,84
mistral,fp32,32,2.059393044984148e-08,1.1000166916241838e-08,0.0,84
mistral,fp16,32,5.392258532577188e-06,1.3514817721986538e-06,0.0,60
mistral,fp32,32,2.9096463307308473e-08,8.998506798854264e-09,0.0,60
mistral,fp16,32,5.069710750205125e-06,1.2640098534799638e-06,0.0,55
mistral,fp32,32,3.046639501791404e-08,1.1142003007867023e-08,0.0,55
mistral,fp16,32,6.608964650212101e-06,1.6501011462430326e-06,0.0,58
mistral,fp32,32,2.8976217502675594e-08,5.968617439264939e-09,0.0,58
mistral,fp16,32,4.527409158239237e-06,1.1307113734725094e-06,0.0,49
mistral,fp32,32,3.4557788628863766e-08,3.511600747165e-09,0.0,49
mistral,fp16,32,4.767128280347421e-06,1.1876491075590856e-06,0.0,56
mistral,fp32,32,2.5868306122167617e-08,1.260997483862325e-08,0.0,56
mistral,fp16,32,4.180318984969844e-06,1.0424128188690762e-06,0.0,56
mistral,fp32,32,2.9020191034956344e-08,1.1449896726925535e-08,0.0,56
mistral,fp16,32,5.753611084902133e-06,1.4287648792965513e-06,0.0,54
mistral,fp32,32,2.4667261743849603e-08,8.980266567697182e-09,0.0,54
mistral,fp16,32,3.588579299440564e-06,8.903905458074179e-07,0.0,49
mistral,fp32,32,3.8638104445315805e-08,7.573612521849515e-09,0.0,49
mistral,fp16,32,1.890822562411465e-06,4.7520088772290414e-07,0.0,173
mistral,fp32,32,2.7027085965081188e-08,3.6187157727816943e-09,0.0,173
mistral,fp16,32,3.7397047911724712e-06,9.328982799039487e-07,0.0,104
mistral,fp32,32,3.8914301149278394e-08,9.988021667118457e-09,0.0,104
mistral,fp16,32,3.1256080719188617e-06,7.722088132267046e-07,0.0,54
mistral,fp32,32,2.163950751227217e-08,1.2214623402491279e-08,0.0,54
mistral,fp16,32,4.303954336926097e-06,1.0740816063677106e-06,0.0,79
mistral,fp32,32,3.508797841514366e-08,6.998892571047485e-09,0.0,79
mistral,fp16,32,3.6297554355524397e-06,8.931092874281399e-07,0.0,73
mistral,fp32,32,3.0721996807647756e-08,8.050042560932974e-09,0.0,73
mistral,fp16,32,3.864162660766057e-06,9.5948057128592e-07,0.0,41
mistral,fp32,32,2.5809944168009302e-08,1.3451568667022804e-08,0.0,41
mistral,fp16,32,2.45617490085559e-06,6.149036297295463e-07,0.0,43
mistral,fp32,32,1.3400729635517966e-08,1.418379211797589e-08,0.0,43
mistral,fp16,32,3.1952618729791382e-06,7.987286169530011e-07,0.0,72
mistral,fp32,32,1.586871441194848e-08,6.441352413261159e-09,0.0,72
mistral,fp16,32,3.110899258973454e-06,7.744898575107184e-07,0.0,157
mistral,fp32,32,7.091597387987904e-09,4.352097195646498e-09,0.0,157
mistral,fp16,32,4.622154786915189e-06,1.1555577942162776e-06,0.0,104
mistral,fp32,32,2.3328035256980906e-08,1.1616105196005436e-08,0.0,104
mistral,fp16,32,3.85866108498778e-06,9.593227476012434e-07,0.0,67
mistral,fp32,32,2.238042207461377e-08,6.48170846975684e-09,0.0,67
mistral,fp16,32,7.5271334721849215e-06,1.8833736879463048e-06,0.0,65
mistral,fp32,32,3.08393866290356e-08,4.092011784972982e-09,0.0,65
mistral,fp16,32,6.684413977775527e-06,1.6675090302696594e-06,0.0,65
mistral,fp32,32,2.7727397926280428e-08,6.9636557087100065e-09,0.0,65
mistral,fp16,32,2.647407119221734e-06,6.592068075503277e-07,0.0,51
mistral,fp32,32,1.6448734652119157e-08,7.2261801473127996e-09,0.0,51
mistral,fp16,32,5.117218737638041e-06,1.2778456813661299e-06,0.0,57
mistral,fp32,32,3.13868069700806e-08,7.76860870120924e-09,0.0,57
mistral,fp16,32,6.2654572222375915e-06,1.5642483874138413e-06,0.0,60
mistral,fp32,32,4.066691499000907e-08,1.34906816828817e-08,0.0,60
mistral,fp16,32,4.998045058171585e-06,1.2562777004614112e-06,0.0,57
mistral,fp32,32,3.128341219779023e-08,8.120816552350282e-09,0.0,57
mistral,fp16,32,4.408824939294842e-06,1.1054319614678398e-06,0.0,49
mistral,fp32,32,3.223333056023847e-08,1.2738730104729264e-08,0.0,49
mistral,fp16,32,4.241060376275474e-06,1.05872838014609e-06,0.0,69
mistral,fp32,32,2.9495990976069475e-08,4.536794898091223e-09,0.0,69
mistral,fp16,32,4.9365338554707705e-06,1.2340619637146721e-06,0.0,64
mistral,fp32,32,3.2165775907394556e-08,8.034860769778884e-09,0.0,64
mistral,fp16,32,4.484134005083851e-06,1.1254214178912925e-06,0.0,53
mistral,fp32,32,1.7861817108721922e-08,4.9094145328915095e-09,0.0,53
mistral,fp16,32,2.0108631437221387,0.10739743628857479,0.1875,44
mistral,fp32,32,1.5482046388068556e-08,7.360671683276365e-09,0.0,44
mistral,fp16,32,3.731984601684779e-06,9.207864935800725e-07,0.0,72
mistral,fp32,32,3.190344041725801e-08,6.446920775005083e-09,0.0,72
mistral,fp16,32,4.800910475499798e-06,1.1977719200639836e-06,0.0,58
mistral,fp32,32,1.7439862495978453e-08,4.928830031614151e-09,0.0,58
mistral,fp16,32,1.7805366872014616e-06,4.442056618716994e-07,0.0,66
mistral,fp32,32,2.1472970086929e-08,3.720192864268418e-09,0.0,66
mistral,fp16,32,3.229932919013301e-06,8.062326373736717e-07,0.0,46
mistral,fp32,32,3.516163459699184e-08,1.1828373541050707e-08,0.0,46
mistral,fp16,32,2.9359372425707964e-06,7.310346536656964e-07,0.0,51
mistral,fp32,32,2.017891233621616e-08,6.806000273779089e-09,0.0,51
mistral,fp16,32,3.860929826737802e-06,9.653037321630253e-07,0.0,71
mistral,fp32,32,2.188269440867377e-08,8.678943515250115e-09,0.0,71
mistral,fp16,32,5.978925661009882e-06,1.48588972803676e-06,0.0,57
mistral,fp32,32,2.030896383703462e-08,1.0280108124081835e-08,0.0,57
mistral,fp16,32,4.076356853177643e-06,1.0173975948379876e-06,0.0,86
mistral,fp32,32,2.3788092440302222e-08,1.0046280156730814e-08,0.0,86
mistral,fp16,32,5.121462544749322e-06,1.2773022130679879e-06,0.0,106
mistral,fp32,32,2.8796268186376955e-08,9.005035068315737e-09,0.0,106
mistral,fp16,32,9.216840405873818,0.4854921014286091,0.75,89
mistral,fp32,32,1.2506595488404049e-08,9.814817419299265e-09,0.0,89
mistral,fp16,32,4.404923844389397e-06,1.1041515117216072e-06,0.0,68
mistral,fp32,32,2.9666544028653097e-08,7.84860477092775e-09,0.0,68
mistral,fp16,32,6.004049547453372e-06,1.500428253385644e-06,0.0,74
mistral,fp32,32,1.6546995385002816e-08,2.8719231597897077e-09,0.0,74
mistral,fp16,32,3.852305656082411e-06,9.61597444629203e-07,0.0,52
mistral,fp32,32,2.22784936488446e-08,5.1998241042822135e-09,0.0,52
mistral,fp16,32,3.89551752077999e-06,9.808177903192217e-07,0.0,81
mistral,fp32,32,2.7462047281611585e-08,1.6053831309453814e-08,0.0,81
mistral,fp16,32,4.191911068929244e-06,1.0441761778418046e-06,0.0,89
mistral,fp32,32,3.382175587599706e-08,6.959952019228166e-09,0.0,89
mistral,fp16,32,2.834958059638737e-06,7.075719524046731e-07,0.0,75
mistral,fp32,32,2.9367704344751555e-08,6.432147113544229e-09,0.0,75
mistral,fp16,32,4.3922983001820626e-06,1.0905788472848066e-06,0.0,64
mistral,fp32,32,1.5027792149568953e-08,8.201964274423545e-09,0.0,64
mistral,fp16,32,5.160411023164002e-06,1.2983582793751891e-06,0.0,66
mistral,fp32,32,3.063802986471133e-08,1.1166953122398668e-08,0.0,66
mistral,fp16,32,3.894061083808964e-06,9.74100639289377e-07,0.0,43
mistral,fp32,32,3.3111766939430964e-08,9.650136550964916e-09,0.0,43
mistral,fp16,32,0.03958714697401794,0.00571368110095663,0.0625,135
mistral,fp32,32,2.5030259990978937e-08,5.435988572797222e-09,0.0,135
mistral,fp16,32,2.941989335591977e-06,7.396101960877033e-07,0.0,72
mistral,fp32,32,2.3031654379675193e-08,4.535780506395581e-09,0.0,72
mistral,fp16,32,3.458923950594439e-06,8.534029297679879e-07,0.0,53
mistral,fp32,32,2.1782257473429434e-08,4.608620188598089e-09,0.0,53
mistral,fp16,32,4.131743406410315e-06,1.0403242786116706e-06,0.0,86
mistral,fp32,32,2.8654246295167773e-08,4.3755146172941295e-09,0.0,86
mistral,fp16,32,3.358244619722228e-06,8.313525679121136e-07,0.0,80
mistral,fp32,32,2.9090552696982644e-08,4.8291866859562216e-09,0.0,80
mistral,fp16,32,4.672259816318469e-06,1.166062274796792e-06,0.0,49
mistral,fp32,32,2.1705134037645034e-08,8.129034575630936e-09,0.0,49
mistral,fp16,32,4.487088137550277e-06,1.1264344439154694e-06,0.0,59
mistral,fp32,32,1.9333618164751876e-08,4.633059119945465e-09,0.0,59
mistral,fp16,32,5.216444080691218e-06,1.3005321158054972e-06,0.0,70
mistral,fp32,32,3.478445187638825e-08,1.0721675519631546e-08,0.0,70
mistral,fp16,32,3.725764956441502e-06,9.19940351451487e-07,0.0,42
mistral,fp32,32,1.72249085047399e-08,4.980146789748674e-09,0.0,42
mistral,fp16,32,3.342356266977653e-06,8.452137738590437e-07,0.0,59
mistral,fp32,32,2.044862756900301e-08,5.55509737688864e-09,0.0,59
mistral,fp16,32,2.74694216062521e-06,6.870504531825139e-07,0.0,39
mistral,fp32,32,3.519996582716312e-08,9.721596361256246e-09,0.0,39
mistral,fp16,32,3.0526910048678246e-06,7.610110968059303e-07,0.0,76
mistral,fp32,32,1.7345022751413808e-08,5.508734293377393e-09,0.0,76
mistral,fp16,32,4.0309386932779745e-06,9.99462948431118e-07,0.0,42
mistral,fp32,32,3.283461179641109e-08,4.287584350710569e-09,0.0,42
mistral,fp16,32,3.042779752493452e-06,7.57536583795293e-07,0.0,33
mistral,fp32,32,2.3931662887499705e-08,4.918392719141518e-09,0.0,33
mistral,fp16,32,4.9447812922043255e-06,1.2368737093114424e-06,0.0,74
mistral,fp32,32,3.084254233118918e-08,3.480681592436612e-09,0.0,74
mistral,fp16,32,2.2223541895627363e-06,5.520553268134609e-07,0.0,76
mistral,fp32,32,3.084796451092997e-08,4.377688080255387e-09,0.0,76
mistral,fp16,32,7.487084564328228e-06,1.8612067233525487e-06,0.0,93
mistral,fp32,32,3.54849142313908e-08,6.360197374842558e-09,0.0,93
mistral,fp16,32,7.977546742531787,0.4701653830319022,0.75,66
mistral,fp32,32,2.5635340056241393e-08,1.481105215518164e-08,0.0,66
mistral,fp16,32,3.465763913190756e-06,8.696716582157205e-07,0.0,60
mistral,fp32,32,3.182893217740235e-08,7.421044492350419e-09,0.0,60
mistral,fp16,32,3.7396819891344357e-06,9.275357759352953e-07,0.0,54
mistral,fp32,32,2.8483675373197626e-08,6.837365274653395e-09,0.0,54
mistral,fp16,32,3.0016545422562046e-06,7.44694372972754e-07,0.0,75
mistral,fp32,32,1.9867519317207094e-08,5.77817121883914e-09,0.0,75
mistral,fp16,32,2.6477578191075324e-06,6.61104063201523e-07,0.0,78
mistral,fp32,32,1.697195126104667e-08,4.896783363343704e-09,0.0,78
mistral,fp16,32,4.1923877783789365e-06,1.0581506453451184e-06,0.0,45
mistral,fp32,32,2.2246159336533622e-08,1.2545878668628399e-08,0.0,45
mistral,fp16,32,2.5116467723407254e-06,6.253973516921058e-07,0.0,110
mistral,fp32,32,1.7141695584244748e-08,8.873196822700019e-09,0.0,110
mistral,fp16,32,2.6917894530020803e-06,6.632836895004157e-07,0.0,80
mistral,fp32,32,2.0348705511829407e-08,4.77417078093012e-09,0.0,80
mistral,fp16,32,4.16791772672731e-06,1.0331065053992283e-06,0.0,64
mistral,fp32,32,1.9365623865792714e-08,8.96621797771488e-09,0.0,64
mistral,fp16,32,4.177650755110562e-06,1.0387867771799453e-06,0.0,53
mistral,fp32,32,2.9719480242225427e-08,1.355878097297758e-08,0.0,53
mistral,fp16,32,3.008680685923082e-06,7.645300069240857e-07,0.0,54
mistral,fp32,32,2.4209351759396647e-08,5.457200176424209e-09,0.0,54
mistral,fp16,32,1.386203234976513e-06,3.468432596964721e-07,0.0,109
mistral,fp32,32,3.0957311540624755e-08,5.808700968140679e-09,0.0,109
mistral,fp16,32,0.2535211518523946,0.03465663279509718,0.0625,67
mistral,fp32,32,2.7666938789397324e-08,1.3579310283000356e-08,0.0,67
mistral,fp16,32,3.530212571101199e-06,8.924837689855414e-07,0.0,60
mistral,fp32,32,1.6883630412798875e-08,6.2202502805106495e-09,0.0,60
mistral,fp16,32,5.447068871733407e-06,1.3603787337723716e-06,0.0,45
mistral,fp32,32,3.066782638949661e-08,6.174508704564867e-09,0.0,45
mistral,fp16,32,3.766823644564543e-06,9.445367763691315e-07,0.0,71
mistral,fp32,32,2.6792564975918354e-08,7.2272957286542965e-09,0.0,71
mistral,fp16,32,3.0984833737646156e-06,7.635324655863585e-07,0.0,42
mistral,fp32,32,2.8599764068711758e-08,7.746561215410397e-09,0.0,42
mistral,fp16,32,3.7080389115873302e-06,9.372267379958998e-07,0.0,36
mistral,fp32,32,3.374933616601128e-08,6.2419080763473356e-09,0.0,36
mistral,fp16,32,4.021314633839701e-06,1.0054941309844967e-06,0.0,79
mistral,fp32,32,3.402346566636072e-08,6.964395114425481e-09,0.0,79
mistral,fp16,32,3.8024135537439996e-06,9.43546198787365e-07,0.0,66
mistral,fp32,32,2.790428942360708e-08,5.261526213687102e-09,0.0,66
mistral,fp16,32,4.2269988446905216e-06,1.048061122770061e-06,0.0,58
mistral,fp32,32,3.1994460969464456e-08,8.28568612332159e-09,0.0,58
mistral,fp16,32,2.1528894452726988e-06,5.392521436609066e-07,0.0,72
mistral,fp32,32,3.292918803604605e-08,2.2445831478201672e-09,0.0,72
mistral,fp16,32,5.58347410639648e-06,1.3860847976748802e-06,0.0,33
mistral,fp32,32,2.5533452453611362e-08,6.3645912383030216e-09,0.0,33
mistral,fp16,32,4.792629610950172e-06,1.2104490154998815e-06,0.0,86
mistral,fp32,32,1.7313662698811112e-08,9.427905527667826e-09,0.0,86
mistral,fp16,32,4.763987282330184e-06,1.1900402430431445e-06,0.0,72
mistral,fp32,32,3.214901626857891e-08,8.513143377741894e-09,0.0,72
mistral,fp16,32,4.29312891014888e-06,1.0747004064448618e-06,0.0,47
mistral,fp32,32,3.2491014059776724e-08,1.0867767928635086e-08,0.0,47
mistral,fp16,32,4.400129625409255e-06,1.1019805241721525e-06,0.0,42
mistral,fp32,32,2.392079890726562e-08,9.569243235481306e-09,0.0,42
mistral,fp16,32,2.6252892282863094e-06,6.544486207682443e-07,0.0,60
mistral,fp32,32,3.3619374395499335e-08,4.608213567680597e-09,0.0,60
mistral,fp16,32,3.955167840657969e-06,9.878985020167486e-07,0.0,66
mistral,fp32,32,2.702275170795264e-08,1.0786816407541006e-08,0.0,66
mistral,fp16,32,5.969932450722304e-06,1.4975040348863544e-06,0.0,60
mistral,fp32,32,2.660466947185811e-08,9.590941742852071e-09,0.0,60
mistral,fp16,32,4.035135394597766e-06,1.005639548329329e-06,0.0,62
mistral,fp32,32,5.4711143282482055e-08,1.0762627844496109e-08,0.0,62
mistral,fp16,32,7.806130852328064e-06,1.9575658840656485e-06,0.0,29
mistral,fp32,32,1.5969696509632314e-08,5.115965255597654e-09,0.0,29
mistral,fp16,32,4.0749359078717795e-06,1.0197845458082e-06,0.0,49
mistral,fp32,32,2.533137057622939e-08,6.009295378038397e-09,0.0,49
mistral,fp16,32,3.9703941205893045e-06,9.846630274062962e-07,0.0,70
mistral,fp32,32,1.7096868388036257e-08,8.143314450276967e-09,0.0,70
mistral,fp16,32,1.312701166877872e-06,3.2613115369395373e-07,0.0,43
mistral,fp32,32,2.4509325758162448e-08,7.561415308991737e-09,0.0,43
mistral,fp16,32,6.296134347216764e-06,1.5736320884418564e-06,0.0,125
mistral,fp32,32,3.4030676352198746e-08,6.540145379873208e-09,0.0,125
mistral,fp16,32,4.336485037337301e-06,1.0804502976746733e-06,0.0,39
mistral,fp32,32,2.763832457688964e-08,6.13063259533031e-09,0.0,39
mistral,fp16,32,1.8326232178456081e-06,4.5483904267951125e-07,0.0,61
mistral,fp32,32,1.8459230212083955e-08,4.133330850329686e-09,0.0,61
mistral,fp16,32,3.4148016448409813e-06,8.516504570003913e-07,0.0,47
mistral,fp32,32,1.6930451790519996e-08,8.88191802397853e-09,0.0,47
mistral,fp16,32,2.4398143603221456e-06,6.14600873805049e-07,0.0,66
mistral,fp32,32,2.4080228286198213e-08,1.0619584572824081e-08,0.0,66
mistral,fp16,32,5.454953121541983e-06,1.3624323244587622e-06,0.0,67
mistral,fp32,32,3.433020214285709e-08,1.177067479704759e-08,0.0,67
mistral,fp16,32,5.005165673366285e-06,1.253816886745418e-06,0.0,73
mistral,fp32,32,3.989442369772139e-08,6.900237191961173e-09,0.0,73
mistral,fp16,32,7.294424224091323e-06,1.829096734913549e-06,0.0,47
mistral,fp32,32,3.5476451240720134e-08,1.0147602774561448e-08,0.0,47
mistral,fp16,32,2.405689542017697e-06,5.98080837715953e-07,0.0,36
mistral,fp32,32,2.851569886469507e-08,7.118030129291825e-09,0.0,36
mistral,fp16,32,4.680557936564966e-06,1.167756306028056e-06,0.0,64
mistral,fp32,32,3.5795877442734714e-08,7.646070200812219e-09,0.0,64
mistral,fp16,32,2.8086961384454767e-06,7.074044033605897e-07,0.0,45
mistral,fp32,32,3.3312303928355325e-08,1.2463805991631827e-08,0.0,45
mistral,fp16,32,4.375140881807127e-06,1.0977912241472154e-06,0.0,50
mistral,fp32,32,3.080366283575442e-08,3.927462735239806e-09,0.0,50
mistral,fp16,32,5.221450576575748e-06,1.307753280541113e-06,0.0,65
mistral,fp32,32,3.013529182790964e-08,6.650430041735267e-09,0.0,65
mistral,fp16,32,2.7001042040009082e-06,6.767493038878358e-07,0.0,37
mistral,fp32,32,1.3687001441942126e-08,5.587616164030862e-09,0.0,37
mistral,fp16,32,1.7405299159722887e-06,4.265650765805651e-07,0.0,59
mistral,fp32,32,2.4218015811511284e-08,1.8054935298564279e-09,0.0,59
mistral,fp16,32,6.242205777107213e-06,1.561942628583446e-06,0.0,80
mistral,fp32,32,4.091333893896376e-08,6.4983012440576575e-09,0.0,80
mistral,fp16,32,4.567542474243069e-06,1.1382323385211723e-06,0.0,49
mistral,fp32,32,2.0305179382080346e-08,3.5295156580392173e-09,0.0,49
mistral,fp16,32,3.0532472891017792e-06,7.587307218216016e-07,0.0,69
mistral,fp32,32,2.9619366959110494e-08,6.886825040363503e-09,0.0,69
mistral,fp16,32,3.356052895142625e-06,8.347405915515305e-07,0.0,113
mistral,fp32,32,2.1773342656628003e-08,1.1574041008585723e-08,0.0,113
mistral,fp16,32,2.8972850972808217e-06,7.18408280239724e-07,0.0,46
mistral,fp32,32,2.9600490223866127e-08,4.943965748512719e-09,0.0,46
mistral,fp16,32,3.1856754501013995e-06,7.936798701035919e-07,0.0,44
mistral,fp32,32,2.2832173693365654e-08,1.1203400480334219e-08,0.0,44
mistral,fp16,32,4.4406004411912114e-06,1.1114069153467243e-06,0.0,28
mistral,fp32,32,2.293916746766607e-08,5.882808044681536e-09,0.0,28
mistral,fp16,32,6.377472250587712e-06,1.591093968500738e-06,0.0,50
mistral,fp32,32,2.2545639435239684e-08,9.649701501182259e-09,0.0,50
mistral,fp16,32,5.495681470679692e-06,1.3613026068337586e-06,0.0,69
mistral,fp32,32,2.728844175278744e-08,1.0057845721859679e-08,0.0,69
mistral,fp16,32,2.66204352916688e-06,6.628125426288989e-07,0.0,43
mistral,fp32,32,2.7806224406345947e-08,7.602801778763824e-09,0.0,43
mistral,fp16,32,6.161706373575271e-06,1.5355761830149195e-06,0.0,78
mistral,fp32,32,2.796897979060256e-08,4.968552966191225e-09,0.0,78
mistral,fp16,32,3.22326604340617e-06,8.119031817688249e-07,0.0,123
mistral,fp32,32,1.6893629087755442e-08,1.096847465308884e-08,0.0,123
mistral,fp16,32,4.676107802303875e-06,1.1687290363548986e-06,0.0,51
mistral,fp32,32,1.9202397186224296e-08,9.607704944125661e-09,0.0,51
mistral,fp16,32,4.25457977442506e-06,1.0623378434299058e-06,0.0,35
mistral,fp32,32,3.900750741858694e-08,7.653735638324388e-09,0.0,35
mistral,fp16,32,4.099778456945202e-06,1.023737387417789e-06,0.0,67
mistral,fp32,32,2.5120317079935228e-08,4.764181344568685e-09,0.0,67
mistral,fp16,32,3.906160430666716e-06,9.685921149027443e-07,0.0,65
mistral,fp32,32,1.7924074280362134e-08,1.2328094392555222e-08,0.0,65
mistral,fp16,32,4.155620786372438e-06,1.0427913256227939e-06,0.0,64
mistral,fp32,32,2.3394225057149498e-08,8.136776988298955e-09,0.0,64
mistral,fp16,32,2.5712755424844858e-06,6.488615960920097e-07,0.0,41
mistral,fp32,32,2.0041917656726804e-08,3.3638580532180384e-09,0.0,41
mistral,fp16,32,3.6831577308049646e-06,9.290122095773068e-07,0.0,70
mistral,fp32,32,2.7462425555846437e-08,9.698578187138183e-09,0.0,70
mistral,fp16,32,3.98243022220468e-06,9.971371125946926e-07,0.0,71
mistral,fp32,32,2.288800603905683e-08,7.195094839373972e-09,0.0,71
mistral,fp16,32,0.24001099200860931,0.026667966193620787,0.09375,59
mistral,fp32,32,2.0480961959376542e-08,6.264065581344791e-09,0.0,59
mistral,fp16,32,3.827424685187708e-06,9.722949725482488e-07,0.0,80
mistral,fp32,32,2.353729685179544e-08,1.97965238806809e-08,0.0,80
mistral,fp16,32,8.979418665587879,0.5140811938877103,0.78125,118
mistral,fp32,32,1.1359941391102073e-08,2.6557634266104017e-09,0.0,118
mistral,fp16,32,3.4770284242924276e-06,8.711466378263921e-07,0.0,92
mistral,fp32,32,2.463281725470501e-08,8.633444438087973e-09,0.0,92
mistral,fp16,32,2.271044338142403e-06,5.636827540289602e-07,0.0,58
mistral,fp32,32,2.115553499287652e-08,2.2757826872998876e-09,0.0,58
mistral,fp16,32,2.9805332699694986e-06,7.408296912037038e-07,0.0,38
mistral,fp32,32,1.0715134897421041e-08,9.593387497591754e-09,0.0,38
mistral,fp16,32,4.187614563666564e-06,1.0434707668621757e-06,0.0,47
mistral,fp32,32,3.6155452048936e-08,6.938262581005286e-09,0.0,47
mistral,fp16,32,1.3683495452276873e-06,3.3424467969431215e-07,0.0,48
mistral,fp32,32,1.843656435938229e-08,6.121274194774082e-09,0.0,48
mistral,fp16,32,2.180467810086739e-06,5.501065391821935e-07,0.0,117
mistral,fp32,32,2.3191787794016316e-08,6.8601249676551734e-09,0.0,117
mistral,fp16,32,5.048113516759045e-06,1.2588040708694237e-06,0.0,60
mistral,fp32,32,3.919502413862047e-08,1.171020426625675e-08,0.0,60
mistral,fp16,32,3.3018037919330112e-06,8.340450782240438e-07,0.0,66
mistral,fp32,32,2.4107337197668e-08,6.187530569509714e-09,0.0,66
mistral,fp16,32,2.7953850513379175e-06,6.929284659604185e-07,0.0,49
mistral,fp32,32,2.5562983541147638e-08,7.097221385295258e-09,0.0,49
mistral,fp16,32,6.586451606005461e-06,1.6368378745190704e-06,0.0,51
mistral,fp32,32,2.1870637155474437e-08,5.854679255073644e-09,0.0,51
mistral,fp16,32,3.0264916083544424e-06,7.533486819791615e-07,0.0,69
mistral,fp32,32,1.8207190340878377e-08,3.853576760210614e-09,0.0,69
mistral,fp16,32,2.794558042307216e-06,6.97666948296094e-07,0.0,44
mistral,fp32,32,1.4804082903996374e-08,5.764457217116714e-09,0.0,44
mistral,fp16,32,3.2436731283169706e-06,8.061307976148235e-07,0.0,90
mistral,fp32,32,2.4844629437081878e-08,2.5811665090458985e-09,0.0,90
mistral,fp16,32,1.2607217599186482e-06,3.2967437912229114e-07,0.0,43
mistral,fp32,32,2.875556495696152e-08,6.761523681231285e-09,0.0,43
mistral,fp16,32,2.872278551002694e-06,7.048964248135281e-07,0.0,92
mistral,fp32,32,2.3087543340669092e-08,6.312417458534392e-09,0.0,92
mistral,fp16,32,2.9043735871869814e-06,7.2106036455577e-07,0.0,41
mistral,fp32,32,2.540140709578198e-08,4.006144287832525e-09,0.0,41
mistral,fp16,32,2.5364864000843035e-06,6.308915776465085e-07,0.0,47
mistral,fp32,32,3.4375838203759557e-08,6.5645357379129354e-09,0.0,47
mistral,fp16,32,2.807618566857961e-06,7.022998725625396e-07,0.0,63
mistral,fp32,32,3.4934572956668575e-08,5.3412579168604646e-09,0.0,63
mistral,fp16,32,4.119662874391139e-06,1.0350063041550395e-06,0.0,33
mistral,fp32,32,3.0027099251483946e-08,4.687169691654572e-09,0.0,33
mistral,fp16,32,3.7981342517062755e-06,9.444998209165445e-07,0.0,63
mistral,fp32,32,2.275110821958748e-08,5.213784091961937e-09,0.0,63
mistral,fp16,32,1.7074006980200007e-06,4.2825615045524734e-07,0.0,34
mistral,fp32,32,1.817641244114543e-08,6.3321317750851536e-09,0.0,34
mistral,fp16,32,3.036496101449515e-06,7.657522803489192e-07,0.0,37
mistral,fp32,32,1.7553249895274625e-08,4.9714497592397155e-09,0.0,37
mistral,fp16,32,3.7985031423326543e-06,9.429376494549113e-07,0.0,46
mistral,fp32,32,1.3067527324106543e-08,4.164863403807728e-09,0.0,46
mistral,fp16,32,3.8970650756420255e-06,9.753903941339681e-07,0.0,61
mistral,fp32,32,4.272191757163143e-08,1.174525569858087e-08,0.0,61
mistral,fp16,32,4.0134841217120965e-06,1.0052152725203989e-06,0.0,32
mistral,fp32,32,3.7041230166456884e-08,4.524938415281787e-09,0.0,32
mistral,fp16,32,3.670572488484458e-06,9.1783003557111e-07,0.0,67
mistral,fp32,32,2.031892820664183e-08,1.0668541480796101e-08,0.0,67
mistral,fp16,32,3.741596462436547e-06,9.33001729847005e-07,0.0,54
mistral,fp32,32,1.921174272445647e-08,6.391099156843882e-09,0.0,54
mistral,fp16,32,4.008356289997295e-06,9.955773036252058e-07,0.0,62
mistral,fp32,32,1.9761291020214955e-08,6.761330641202878e-09,0.0,62
mistral,fp16,32,6.043523957277586e-06,1.5089252878019987e-06,0.0,49
mistral,fp32,32,3.27848575145534e-08,7.566828830185557e-09,0.0,49
mistral,fp16,32,3.8756386707694546e-06,9.690128231210071e-07,0.0,84
mistral,fp32,32,2.238432209467761e-08,7.531617614298103e-09,0.0,84
mistral,fp16,32,3.6981019743698162e-06,9.241615638380662e-07,0.0,54
mistral,fp32,32,2.1346341621403253e-08,8.096107137131603e-09,0.0,54
mistral,fp16,32,2.965951955813395e-06,7.335984362685788e-07,0.0,44
mistral,fp32,32,4.059795104174174e-08,1.134876791467846e-08,0.0,44
mistral,fp16,32,5.7805218661721725e-06,1.4470263530620003e-06,0.0,47
mistral,fp32,32,2.3729127121563387e-08,5.1664056577240165e-09,0.0,47
mistral,fp16,32,2.1794492468529825e-06,5.452874660694107e-07,0.0,36
mistral,fp32,32,2.7171705829776016e-08,1.111093000938368e-08,0.0,36
mistral,fp16,32,5.87005391459311e-06,1.4690127956712429e-06,0.0,34
mistral,fp32,32,2.9791538194712253e-08,2.4398867405628355e-09,0.0,34
mistral,fp16,32,2.555975065821059e-06,6.340446658120724e-07,0.0,44
mistral,fp32,32,1.8828596452802326e-08,5.457533161935119e-09,0.0,44
mistral,fp16,32,3.4733813125686908e-06,8.690838021047087e-07,0.0,62
mistral,fp32,32,2.2179618395590586e-08,1.413482061257687e-08,0.0,62
mistral,fp16,32,4.3143926662381205e-06,1.0753781158612252e-06,0.0,125
mistral,fp32,32,2.0083092366202093e-08,9.522956213522948e-09,0.0,125
mistral,fp16,32,5.15682979851384e-06,1.2954766671346984e-06,0.0,56
mistral,fp32,32,2.739662633387263e-08,4.913413399775836e-09,0.0,56
mistral,fp16,32,1.995538435217714e-06,4.99539354603673e-07,0.0,82
mistral,fp32,32,2.62894260527613e-08,4.885215926231368e-09,0.0,82
mistral,fp16,32,5.690970166782883e-06,1.4259800263372036e-06,0.0,88
mistral,fp32,32,2.881048176764378e-08,8.366587173069817e-09,0.0,88
mistral,fp16,32,4.150210390685416e-06,1.0303379795462142e-06,0.0,91
mistral,fp32,32,2.3912959494498676e-08,7.720980608983893e-09,0.0,91
mistral,fp16,32,5.6569079335822e-06,1.4168881506682052e-06,0.0,77
mistral,fp32,32,2.941370793804743e-08,6.870993256237641e-09,0.0,77
mistral,fp16,32,5.040080227169952e-06,1.249637355974463e-06,0.0,89
mistral,fp32,32,2.315857898288129e-08,1.4197073897270979e-08,0.0,89
mistral,fp16,32,4.084442042140424e-06,1.0104353917739228e-06,0.0,58
mistral,fp32,32,3.22521410802204e-08,8.181044340046075e-09,0.0,58
mistral,fp16,32,3.2831548922862552e-06,8.124024563505722e-07,0.0,106
mistral,fp32,32,2.0375274431203017e-08,2.5623384230372137e-09,0.0,106
mistral,fp16,32,3.4836478108868363e-06,8.801534465419092e-07,0.0,66
mistral,fp32,32,3.129576658586486e-08,9.117173927739074e-09,0.0,66
mistral,fp16,32,5.443433707341683e-06,1.3548290970222254e-06,0.0,88
mistral,fp32,32,1.918264212362117e-08,1.2173331592757464e-08,0.0,88
mistral,fp16,32,3.939105291062006e-06,9.94857432393137e-07,0.0,47
mistral,fp32,32,3.4391050451887395e-08,4.411395774714388e-09,0.0,47
mistral,fp16,32,5.767391021427315e-06,1.458154763444219e-06,0.0,73
mistral,fp32,32,3.250700090552151e-08,8.420307154657913e-09,0.0,73
mistral,fp16,32,2.0738411797838197e-06,5.123383609445531e-07,0.0,67
mistral,fp32,32,2.2204014758775426e-08,7.461442471257823e-09,0.0,67
mistral,fp16,32,2.216677770894293e-06,5.545466795695009e-07,0.0,45
mistral,fp32,32,1.5532309273393746e-08,3.5105744764082555e-09,0.0,45
mistral,fp16,32,4.173330198142811e-06,1.0456414110890377e-06,0.0,76
mistral,fp32,32,1.5250328944116376e-08,5.761332039048994e-09,0.0,76
mistral,fp16,32,4.150842649153219e-06,1.0358510622865413e-06,0.0,65
mistral,fp32,32,1.394015456367137e-08,5.784609791170681e-09,0.0,65
mistral,fp16,32,2.4728520362504725e-06,6.17042275802282e-07,0.0,48
mistral,fp32,32,1.400361888254098e-08,4.34202746891002e-09,0.0,48
mistral,fp16,32,2.3606263317432763e-06,5.925633417558362e-07,0.0,57
mistral,fp32,32,3.135964169159039e-08,4.008021380064175e-09,0.0,57
mistral,fp16,32,6.481064192653818e-06,1.6152760467028071e-06,0.0,130
mistral,fp32,32,2.867367957307132e-08,8.360213422584084e-09,0.0,130
mistral,fp16,32,3.3824291725270683e-06,8.47929502584277e-07,0.0,62
mistral,fp32,32,3.466210518610069e-08,7.085419594793363e-09,0.0,62
mistral,fp16,32,6.3165514201379835e-06,1.5766186570176366e-06,0.0,44
mistral,fp32,32,2.849043008196911e-08,9.029030789741224e-09,0.0,44
mistral,fp16,32,3.519700027432293e-06,8.815380786453275e-07,0.0,55
mistral,fp32,32,2.4312960016786844e-08,3.0000421250963444e-09,0.0,55
mistral,fp16,32,3.5371760784830286e-06,8.811123801688581e-07,0.0,72
mistral,fp32,32,2.4035441859027173e-08,7.171491043372891e-09,0.0,72
mistral,fp16,32,2.010886825831726e-06,4.982829007738054e-07,0.0,49
mistral,fp32,32,3.1200346334303575e-08,6.695817376251023e-09,0.0,49
mistral,fp16,32,4.418735946087882e-06,1.1022183216413683e-06,0.0,78
mistral,fp32,32,4.317377679701525e-08,1.1657537976605958e-08,0.0,78
mistral,fp16,32,5.10722397162322e-06,1.2638379119217502e-06,0.0,76
mistral,fp32,32,2.1603577232687243e-08,4.279169218905751e-09,0.0,76
mistral,fp16,32,4.833500737877472e-06,1.2092962491105919e-06,0.0,46
mistral,fp32,32,2.4416211917739628e-08,9.180807519597323e-09,0.0,46
mistral,fp16,32,3.5631574744066086e-06,8.911203910055843e-07,0.0,45
mistral,fp32,32,2.7329302654255372e-08,7.440064361471932e-09,0.0,45
mistral,fp16,32,5.147995464749311e-06,1.282683681463892e-06,0.0,87
mistral,fp32,32,2.0028989078380022e-08,5.746926975969124e-09,0.0,87
mistral,fp16,32,2.500668686011842e-06,6.294012621869266e-07,0.0,82
mistral,fp32,32,2.209428069145647e-08,6.6764528454388294e-09,0.0,82
mistral,fp16,32,4.154763194375022e-06,1.0439381676885517e-06,0.0,65
mistral,fp32,32,3.498366570042766e-08,9.624442606461425e-09,0.0,65
mistral,fp16,32,5.256397055813933e-06,1.3091508984722222e-06,0.0,81
mistral,fp32,32,2.0826005159985117e-08,1.052555470147827e-08,0.0,81
mistral,fp16,32,1.9908527638667906e-06,5.009542564625435e-07,0.0,63
mistral,fp32,32,2.2893134665746828e-08,3.3559669921495727e-09,0.0,63
mistral,fp16,32,4.611942890142551e-06,1.1565953024761377e-06,0.0,66
mistral,fp32,32,2.710439653968999e-08,1.4438956471435338e-08,0.0,66
mistral,fp16,32,5.520660855962145e-06,1.3853624507009776e-06,0.0,54
mistral,fp32,32,2.621998879126508e-08,9.762600006180122e-09,0.0,54
mistral,fp16,32,2.9435301007463277e-06,7.285473884247051e-07,0.0,53
mistral,fp32,32,2.9328370065861975e-08,4.161780000483395e-09,0.0,53
mistral,fp16,32,4.554024400693635e-06,1.1324597450346197e-06,0.0,48
mistral,fp32,32,1.0941245626953228e-08,6.3536480806409765e-09,0.0,48
mistral,fp16,32,4.577179355647054e-06,1.1406296931970594e-06,0.0,48
mistral,fp32,32,1.752941659882712e-08,9.20305408790012e-09,0.0,48
mistral,fp16,32,3.76943465362628e-06,9.435479856184648e-07,0.0,44
mistral,fp32,32,3.6236681304896434e-08,6.430202571794386e-09,0.0,44
mistral,fp16,32,4.586846421017476e-06,1.1473633592384846e-06,0.0,88
mistral,fp32,32,2.7846492840766235e-08,7.281546124740523e-09,0.0,88
mistral,fp16,32,2.80884425030159e-06,6.990044893184777e-07,0.0,95
mistral,fp32,32,2.0425568954957063e-08,7.552853936027004e-09,0.0,95
mistral,fp16,32,4.062349614919469e-06,1.0044299864064854e-06,0.0,80
mistral,fp32,32,3.754439692579067e-08,7.57855644906158e-09,0.0,80
mistral,fp16,32,5.131795951740514e-06,1.2940519698301234e-06,0.0,30
mistral,fp32,32,3.538567966421269e-08,6.113382050587646e-09,0.0,30
mistral,fp16,32,6.264226752539237e-06,1.5684695710838081e-06,0.0,39
mistral,fp32,32,1.5892819541299397e-08,5.0329186604435895e-09,0.0,39
mistral,fp16,32,1.5730270594982443e-06,3.9856300352789087e-07,0.0,104
mistral,fp32,32,2.2712497034158008e-08,4.331603258803801e-09,0.0,104
mistral,fp16,32,4.14794634334692e-06,1.021595981563067e-06,0.0,55
mistral,fp32,32,2.1948649283481947e-08,7.371880169238648e-09,0.0,55
mistral,fp16,32,4.669483426306478e-06,1.1583562532721265e-06,0.0,53
mistral,fp32,32,2.3451215744492437e-08,9.428819996580746e-09,0.0,53
mistral,fp16,32,3.355366333416751e-06,8.31531784348076e-07,0.0,67
mistral,fp32,32,1.6131070658302138e-08,1.2884818367201595e-08,0.0,67
mistral,fp16,32,3.329418466258005e-06,8.3565744851688e-07,0.0,38
mistral,fp32,32,2.7476746052024215e-08,7.173451603559311e-09,0.0,38
mistral,fp16,32,3.544605661598421e-06,8.856315179550656e-07,0.0,69
mistral,fp32,32,2.1278267993071753e-08,4.696973188861309e-09,0.0,69
mistral,fp16,32,5.983385086727466e-06,1.4904561485215573e-06,0.0,80
mistral,fp32,32,2.622544098421567e-08,8.291430439368724e-09,0.0,80
mistral,fp16,32,5.084316793288468e-06,1.2679648047908554e-06,0.0,31
mistral,fp32,32,2.3085592298910385e-08,9.932260725464478e-09,0.0,31
mistral,fp16,32,3.814546847946687e-06,9.53117178570384e-07,0.0,46
mistral,fp32,32,3.324100817270626e-08,9.091862682966863e-09,0.0,46
mistral,fp16,32,3.430859130126862e-06,8.520102944137298e-07,0.0,41
mistral,fp32,32,2.4480582974835408e-08,1.212564487186596e-08,0.0,41
mistral,fp16,32,3.1130516152666488e-06,7.791649229149655e-07,0.0,63
mistral,fp32,32,2.326318407613187e-08,3.017442247021246e-09,0.0,63
mistral,fp16,32,1.8628738125414657e-06,4.59951253070634e-07,0.0,89
mistral,fp32,32,2.883532452049864e-08,7.143709946505483e-09,0.0,89
mistral,fp16,32,4.164397496055246e-06,1.0392040321462008e-06,0.0,69
mistral,fp32,32,1.752058765560824e-08,8.037650309211664e-09,0.0,69
mistral,fp16,32,2.5904331563408878e-06,6.500844751990142e-07,0.0,44
mistral,fp32,32,1.517767216421828e-08,6.352536077898485e-09,0.0,44
mistral,fp16,32,2.8128481036615582e-06,6.965326527497151e-07,0.0,76
mistral,fp32,32,1.6488466897390808e-08,7.767224852878174e-09,0.0,76
mistral,fp16,32,6.980092120578707e-06,1.758018782160864e-06,0.0,94
mistral,fp32,32,2.4137146933944642e-08,9.629327245297414e-09,0.0,94
mistral,fp16,32,3.870349065682177e-06,9.565017597551462e-07,0.0,52
mistral,fp32,32,2.623923951380891e-08,1.1117478293000416e-08,0.0,52
mistral,fp16,32,4.716041109242841e-06,1.179783939188328e-06,0.0,72
mistral,fp32,32,3.03744090571819e-08,6.873135955504355e-09,0.0,72
mistral,fp16,32,3.0244916879862416e-06,7.499077453038128e-07,0.0,41
mistral,fp32,32,2.8549512025299872e-08,8.333881940450483e-09,0.0,41
mistral,fp16,32,4.004754512898501e-06,1.003161046730927e-06,0.0,90
mistral,fp32,32,2.1049181756112312e-08,4.518692723817774e-09,0.0,90
mistral,fp16,32,2.4976847618762843e-06,6.23156310018691e-07,0.0,71
mistral,fp32,32,1.8392966816271894e-08,5.660127630480183e-09,0.0,71
mistral,fp16,32,7.388037968208971e-06,1.8606330010953465e-06,0.0,45
mistral,fp32,32,2.8357337963913487e-08,1.0053648780562578e-08,0.0,45
mistral,fp16,32,2.562271123274229e-06,6.501511996132026e-07,0.0,57
mistral,fp32,32,2.820417976945322e-08,8.642629194125298e-09,0.0,57
mistral,fp16,32,4.468170714158615e-06,1.1146950001442169e-06,0.0,57
mistral,fp32,32,2.049469252640712e-08,8.427244388431454e-09,0.0,57
mistral,fp16,32,3.775560878049866e-06,9.325661488278347e-07,0.0,53
mistral,fp32,32,2.600911527166419e-08,7.026191671880011e-09,0.0,53
mistral,fp16,32,4.719750884312994,0.30182670809497797,0.5,80
mistral,fp32,32,1.9162331055038936e-08,4.177191159160723e-09,0.0,80
mistral,fp16,32,3.4805182054370443e-06,8.68537941317582e-07,0.0,89
mistral,fp32,32,2.695411002381909e-08,6.8983962491983575e-09,0.0,89
mistral,fp16,32,4.098328721280353e-06,1.018149967946247e-06,0.0,51
mistral,fp32,32,2.7144466480111262e-08,6.795650062964807e-09,0.0,51
mistral,fp16,32,3.2052241848989915e-06,7.967848154183388e-07,0.0,56
mistral,fp32,32,2.8568941344564447e-08,6.931844334645554e-09,0.0,56
mistral,fp16,32,5.114633219616138e-06,1.2830906405136844e-06,0.0,40
mistral,fp32,32,3.5418837406389625e-08,9.899049132591937e-09,0.0,40
mistral,fp16,32,4.875198274856274e-06,1.2168985470406568e-06,0.0,76
mistral,fp32,32,2.2414667997605695e-08,1.1453059190272286e-08,0.0,76
mistral,fp16,32,3.766851929154491e-06,9.393918176114902e-07,0.0,45
mistral,fp32,32,2.7827039619831087e-08,9.230307275454042e-09,0.0,45
mistral,fp16,32,3.961952465880714e-06,9.88876947834172e-07,0.0,75
mistral,fp32,32,2.1444545019073946e-08,8.581623373395998e-09,0.0,75
mistral,fp16,32,4.536316110304028e-06,1.136011844010687e-06,0.0,47
mistral,fp32,32,3.5742433270469914e-08,7.165128124852907e-09,0.0,47
mistral,fp16,32,4.22027408975012e-06,1.052809551035233e-06,0.0,66
mistral,fp32,32,3.552836278994387e-08,6.297115223903062e-09,0.0,66
mistral,fp16,32,4.253115080343761e-06,1.059266268659334e-06,0.0,62
mistral,fp32,32,4.0924959718931404e-08,1.0903481030815482e-08,0.0,62
mistral,fp16,32,4.053564204270499e-06,1.0145877349446164e-06,0.0,91
mistral,fp32,32,2.0336709288804045e-08,8.061935108372425e-09,0.0,91
mistral,fp16,32,1.0666428621353141e-05,2.668309911448008e-06,0.0,123
mistral,fp32,32,2.1525243221643016e-08,3.3215867145940407e-09,0.0,123
mistral,fp16,32,2.888090919084263e-06,7.229517252765882e-07,0.0,29
mistral,fp32,32,2.003993263000048e-08,6.042245957044168e-09,0.0,29
mistral,fp16,32,4.707388837399407e-06,1.1745392896750362e-06,0.0,56
mistral,fp32,32,2.547656227647188e-08,9.232664446769817e-09,0.0,56
mistral,fp16,32,2.617726310022439e-06,6.560203204553083e-07,0.0,69
mistral,fp32,32,2.0415579276601703e-08,5.258455244155913e-09,0.0,69
mistral,fp16,32,5.284585644194095e-06,1.315085560199547e-06,0.0,28
mistral,fp32,32,2.4937034265662406e-08,9.309142333293469e-09,0.0,28
mistral,fp16,32,3.4689576717816806e-06,8.742370888326079e-07,0.0,33
mistral,fp32,32,1.987672767350679e-08,8.344324284488558e-09,0.0,33
mistral,fp16,32,1.8783295674396072e-06,4.6194501125695897e-07,0.0,63
mistral,fp32,32,2.1063058406808888e-08,4.551238011463177e-09,0.0,63
mistral,fp16,32,4.7949211930131685e-06,1.1994485873342842e-06,0.0,77
mistral,fp32,32,1.4462817561622376e-08,8.094732414780945e-09,0.0,77
mistral,fp16,32,6.198136528245968e-06,1.5599890345798645e-06,0.0,120
mistral,fp32,32,3.6857600137251475e-08,1.5978101041578738e-08,0.0,120
mistral,fp16,32,3.1182489306225136e-06,7.819855414870069e-07,0.0,85
mistral,fp32,32,2.8745386331657796e-08,5.138419361880309e-09,0.0,85
mistral,fp16,32,3.4610727950301623e-06,8.567330605085965e-07,0.0,35
mistral,fp32,32,1.9082036673001568e-08,1.137457926458918e-08,0.0,35
mistral,fp16,32,4.167223857765023e-06,1.0428065479739512e-06,0.0,104
mistral,fp32,32,1.827415226085538e-08,5.685284383896705e-09,0.0,104
mistral,fp16,32,2.752800193572824e-06,6.819179483030791e-07,0.0,57
mistral,fp32,32,2.4876167986631614e-08,6.191667314275895e-09,0.0,57
mistral,fp16,32,3.0405933086896653e-06,7.632655379119502e-07,0.0,41
mistral,fp32,32,1.0122111347016238e-08,6.9979253641827555e-09,0.0,41
mistral,fp16,32,6.7053992057752865e-06,1.690118083791381e-06,0.0,35
mistral,fp32,32,3.694005109959597e-08,7.968337267794112e-09,0.0,35
mistral,fp16,32,4.119244554678936e-06,1.0271367423264621e-06,0.0,56
mistral,fp32,32,1.492855050688746e-08,2.590207755746865e-09,0.0,56
mistral,fp16,32,4.270573749298734e-06,1.0593880363507502e-06,0.0,51
mistral,fp32,32,2.9804113607645455e-08,1.2126516917357333e-08,0.0,51
mistral,fp16,32,5.257189098106796e-06,1.3167580699274817e-06,0.0,67
mistral,fp32,32,2.7705634994545925e-08,1.0771693509381564e-08,0.0,67
mistral,fp16,32,2.8530156702677445e-06,7.119709367620075e-07,0.0,34
mistral,fp32,32,1.421158474929074e-08,7.3061839304250364e-09,0.0,34
gemma,fp16,32,6.6915731161687475e-06,1.6780716212139168e-06,0.0,162
gemma,fp32,32,7.67528321454769e-09,9.079757945507083e-09,0.0,162
gemma,fp16,32,1.3675511819744024e-05,3.4180429900609877e-06,0.0,93
gemma,fp32,32,3.422150728071838e-08,9.46104730323305e-09,0.0,93
gemma,fp16,32,4.849366385339948e-06,1.2094150305674845e-06,0.0,67
gemma,fp32,32,2.5316497787031267e-08,4.950804127767938e-09,0.0,67
gemma,fp16,32,1.1015899026745046e-05,2.7638330348800366e-06,0.0,67
gemma,fp32,32,3.587382353675839e-08,1.0709480573189989e-08,0.0,67
gemma,fp16,32,3.678796779926774e-06,9.219352897077426e-07,0.0,45
gemma,fp32,32,2.2341605618054344e-08,2.26721088647866e-09,0.0,45
gemma,fp16,32,8.103985249086065e-06,2.034338742962216e-06,0.0,50
gemma,fp32,32,3.140432184786657e-08,6.0633931497108655e-09,0.0,50
gemma,fp16,32,1.3494252242729488e-05,3.378755756622276e-06,0.0,53
gemma,fp32,32,2.0225377126564803e-08,1.1313893572006961e-08,0.0,53
gemma,fp16,32,1.5216608041157542e-05,3.7990741112992055e-06,0.0,42
gemma,fp32,32,3.341158044678494e-08,2.3652844322041844e-08,0.0,42
gemma,fp16,32,9.636138470270339e-06,2.3953044262503553e-06,0.0,61
gemma,fp32,32,1.8997011396251762e-08,1.5887628805220586e-08,0.0,61
gemma,fp16,32,4.567868753468929e-06,1.145252158440968e-06,0.0,111
gemma,fp32,32,1.468052370293127e-08,8.079796574855802e-09,0.0,111
gemma,fp16,32,7.755727734926054e-06,1.9329720162553077e-06,0.0,72
gemma,fp32,32,2.9882765357255175e-08,1.2554993834932443e-08,0.0,72
gemma,fp16,32,6.880093099681517e-06,1.718916758486344e-06,0.0,67
gemma,fp32,32,1.4706607223691215e-08,1.2905343654834311e-08,0.0,67
gemma,fp16,32,5.568053607518664e-06,1.386944374459631e-06,0.0,79
gemma,fp32,32,2.7505924010684524e-08,5.366521038316363e-09,0.0,79
gemma,fp16,32,8.965046675690758e-06,2.237769629043207e-06,0.0,41
gemma,fp32,32,3.056535299340857e-08,6.864835161261851e-09,0.0,41
gemma,fp16,32,1.2329658461318616e-05,3.077287205277557e-06,0.0,85
gemma,fp32,32,2.202182382282647e-08,8.951714008942346e-09,0.0,85
gemma,fp16,32,2.547282950349228e-06,6.320672938930905e-07,0.0,119
gemma,fp32,32,1.5951233750532978e-08,4.81783908254374e-09,0.0,119
gemma,fp16,32,1.2103256993079015e-05,3.0375343554878143e-06,0.0,36
gemma,fp32,32,1.6452552625834116e-08,1.0734768768339009e-08,0.0,36
gemma,fp16,32,8.85533058081478e-06,2.2045632179779062e-06,0.0,65
gemma,fp32,32,1.564866501657658e-08,3.1745600870269897e-09,0.0,65
gemma,fp16,32,4.084169471063603e-06,1.0096235545375976e-06,0.0,74
gemma,fp32,32,2.585650699105102e-08,8.175705060869953e-09,0.0,74
gemma,fp16,32,3.0804786605997947e-06,7.580592327194324e-07,0.0,40
gemma,fp32,32,1.8301859514013863e-08,5.554818143654883e-09,0.0,40
gemma,fp16,32,5.07227454427106e-06,1.2834128220104435e-06,0.0,58
gemma,fp32,32,1.723913935517893e-08,6.812563045806297e-09,0.0,58
gemma,fp16,32,5.714529894840226e-06,1.4251530781050903e-06,0.0,70
gemma,fp32,32,2.688380308386168e-08,7.524432482888441e-09,0.0,70
gemma,fp16,32,3.5314496535931994e-06,8.80243440193329e-07,0.0,52
gemma,fp32,32,2.73538661166306e-08,6.949173049497492e-09,0.0,52
gemma,fp16,32,4.414480450352608,0.23733942788931706,0.40625,60
gemma,fp32,32,2.7776749785685118e-08,1.2972732776894702e-08,0.0,60
gemma,fp16,32,1.0541208427028437e-05,2.641918679935351e-06,0.0,79
gemma,fp32,32,2.365224203298988e-08,8.002245342059178e-09,0.0,79
gemma,fp16,31,4.421484332382416e-06,1.1125898916429465e-06,0.0,66
gemma,fp32,31,2.514683280962332e-08,1.4875740109255458e-08,0.0,66
gemma,fp16,32,1.0088749841763445e-05,2.5254887708325846e-06,0.0,58
gemma,fp32,32,2.607493590055937e-08,9.54003068361596e-09,0.0,58
gemma,fp16,32,6.711664846115184e-06,1.6849004362828879e-06,0.0,40
gemma,fp32,32,3.2742280331454765e-08,8.164797095366882e-09,0.0,40
gemma,fp16,32,6.780765702374403e-06,1.7014699718875814e-06,0.0,68
gemma,fp32,32,2.0979177183227254e-08,1.0714569197807153e-08,0.0,68
gemma,fp16,32,1.0097957133581303e-05,2.5252114694840344e-06,0.0,42
gemma,fp32,32,4.5487193123250336e-08,1.0061753624723835e-08,0.0,42
gemma,fp16,32,5.588117630128675e-06,1.3980436774085891e-06,0.0,65
gemma,fp32,32,2.2061142641860432e-08,1.023347186070861e-08,0.0,65
gemma,fp16,32,8.02198819593869e-06,2.0034191410694957e-06,0.0,99
gemma,fp32,32,2.2378402374668288e-08,1.2307589183262538e-08,0.0,99
gemma,fp16,32,5.874285347928776e-06,1.4698542280880411e-06,0.0,48
gemma,fp32,32,2.8865026036051233e-08,8.408991763325657e-09,0.0,48
gemma,fp16,32,5.292799645673085e-06,1.3275783108390726e-06,0.0,78
gemma,fp32,32,3.565168889968495e-08,6.2730332629767904e-09,0.0,78
gemma,fp16,32,6.925439932636834e-06,1.7290237969702638e-06,0.0,68
gemma,fp32,32,2.858398757792091e-08,6.889063839353449e-09,0.0,68
gemma,fp16,12,1.4549087381965364e-05,3.6545188777381554e-06,0.0,94
gemma,fp32,12,1.7814503650015467e-08,1.233366949312161e-08,0.0,94
gemma,fp16,32,3.817488669621838e-06,9.49045621256861e-07,0.0,139
gemma,fp32,32,1.733789811719788e-08,6.418234232280495e-09,0.0,139
gemma,fp16,32,5.816387426804681e-06,1.4536124639530357e-06,0.0,96
gemma,fp32,32,2.6246696704923522e-08,1.2463430723239077e-08,0.0,96
gemma,fp16,32,1.1905665860290071e-05,2.9863470212276866e-06,0.0,70
gemma,fp32,32,3.1438485481594114e-08,1.5189006552507323e-08,0.0,70
gemma,fp16,32,1.6222843839841516e-05,4.05265726755033e-06,0.0,70
gemma,fp32,32,3.9561411702138116e-08,1.4670147763240493e-08,0.0,70
gemma,fp16,32,5.413361709116771e-06,1.3531436031666288e-06,0.0,52
gemma,fp32,32,3.122494660057207e-08,5.078808647945854e-09,0.0,52
gemma,fp16,32,1.0086169076828355e-05,2.5172897751835066e-06,0.0,61
gemma,fp32,32,2.625585970861266e-08,1.0547155065987468e-08,0.0,61
gemma,fp16,32,6.861077870512489e-06,1.7155066596163948e-06,0.0,56
gemma,fp32,32,2.8966104681504845e-08,1.2806017260502678e-08,0.0,56
gemma,fp16,32,5.693507362458661e-06,1.424904181757114e-06,0.0,48
gemma,fp32,32,2.4035790217522002e-08,1.1181814471962828e-08,0.0,48
gemma,fp16,32,5.658960992027673e-06,1.4133917613512459e-06,0.0,44
gemma,fp32,32,2.8727400236405742e-08,3.655706015681659e-09,0.0,44
gemma,fp16,32,6.725254850792339e-06,1.6797214875408084e-06,0.0,58
gemma,fp32,32,3.2548379533259286e-08,5.5161227946465274e-09,0.0,58
gemma,fp16,32,5.3108499278309296e-06,1.3320267897576343e-06,0.0,94
gemma,fp32,32,3.1341841705279094e-08,5.190992264508809e-09,0.0,94
gemma,fp16,32,7.133066779241304e-06,1.7896061204614178e-06,0.0,76
gemma,fp32,32,2.7056183774312736e-08,1.0804125298054376e-08,0.0,76
gemma,fp16,32,1.0649605307833099e-05,2.6607692902302915e-06,0.0,58
gemma,fp32,32,3.361493522424652e-08,3.7696384798391325e-09,0.0,58
gemma,fp16,32,1.17728151707297e-05,2.9341181502218205e-06,0.0,109
gemma,fp32,32,3.364739498135094e-08,9.53673490178275e-09,0.0,109
gemma,fp16,32,4.7114214094534645e-06,1.1870312492945345e-06,0.0,48
gemma,fp32,32,1.5614452231194065e-08,7.689999283189142e-09,0.0,48
gemma,fp16,32,6.102895443449441e-06,1.5314198145710556e-06,0.0,58
gemma,fp32,32,2.95167527919471e-08,4.8857501651171364e-09,0.0,58
gemma,fp16,32,1.2010822082686445e-05,3.0052818424941563e-06,0.0,66
gemma,fp32,32,2.95843227693382e-08,4.380356168065536e-09,0.0,66
gemma,fp16,32,1.3862699109079557e-05,3.469912445597245e-06,0.0,40
gemma,fp32,32,2.6981313357155035e-08,8.508747914581782e-09,0.0,40
gemma,fp16,32,3.582063899276733e-06,8.916218761645389e-07,0.0,70
gemma,fp32,32,2.4263544312619345e-08,5.589317182697062e-09,0.0,70
gemma,fp16,32,9.827042677379438e-06,2.474130363916416e-06,0.0,42
gemma,fp32,32,4.0028685005522036e-08,5.9552543001106795e-09,0.0,42
gemma,fp16,32,4.0963325305121145e-06,1.030850911021286e-06,0.0,114
gemma,fp32,32,2.6151677198771317e-08,7.725336753118539e-09,0.0,114
gemma,fp16,32,9.333550734069718e-06,2.3241120169492646e-06,0.0,67
gemma,fp32,32,2.5387812310762037e-08,9.622452441619689e-09,0.0,67
gemma,fp16,32,4.5206249144058575e-06,1.1332052938517467e-06,0.0,69
gemma,fp32,32,1.389597937585807e-08,3.2222331018683104e-09,0.0,69
gemma,fp16,32,5.731639817652123e-06,1.4410024850031178e-06,0.0,95
gemma,fp32,32,3.0598942851733923e-08,1.5375409747470092e-09,0.0,95
gemma,fp16,32,8.65297678028995e-06,2.165081017094228e-06,0.0,48
gemma,fp32,32,1.6345180390165553e-08,5.840285243429149e-09,0.0,48
gemma,fp16,32,8.688768682318937e-06,2.1654149851002558e-06,0.0,50
gemma,fp32,32,1.5110792554728913e-08,8.494730696639863e-09,0.0,50
gemma,fp16,32,1.1621336671652216e-05,2.899322937288673e-06,0.0,56
gemma,fp32,32,3.025255002064853e-08,6.670467567193583e-09,0.0,56
gemma,fp16,32,3.3401630861796017,0.190754818124257,0.3125,79
gemma,fp32,32,2.151084221857502e-08,1.1801840437862185e-08,0.0,79
gemma,fp16,32,6.107347680250896e-06,1.535183567935583e-06,0.0,50
gemma,fp32,32,2.383800990456153e-08,5.452817739655044e-09,0.0,50
gemma,fp16,32,9.686168892075742e-06,2.408567880543555e-06,0.0,120
gemma,fp32,32,1.3105472325414258e-08,6.378421308055743e-09,0.0,120
gemma,fp16,32,3.7912776980064677e-06,9.561938327795616e-07,0.0,74
gemma,fp32,32,2.4268370628181823e-08,6.05250828839346e-09,0.0,74
gemma,fp16,32,9.70351539919534e-06,2.428792253650336e-06,0.0,63
gemma,fp32,32,4.8180432185573885e-08,1.4053934307978189e-08,0.0,63
gemma,fp16,32,2.9285624196795368e-06,7.233941159423551e-07,0.0,78
gemma,fp32,32,1.5551560869316635e-08,5.597085994698647e-09,0.0,78
gemma,fp16,32,5.621757009022232e-06,1.400071459933816e-06,0.0,61
gemma,fp32,32,2.8824922670978026e-08,1.4595699000113926e-08,0.0,61
gemma,fp16,32,9.68353137142941e-06,2.4206098655499275e-06,0.0,44
gemma,fp32,32,2.1343991796207717e-08,1.032761514849212e-08,0.0,44
gemma,fp16,32,1.1434500027718286e-05,2.858010829775992e-06,0.0,40
gemma,fp32,32,4.14388098279872e-08,1.0670069633400558e-08,0.0,40
gemma,fp16,32,1.4952764132658558e-05,3.7323808648181966e-06,0.0,76
gemma,fp32,32,2.845565583164955e-08,1.1599591120958763e-08,0.0,76
gemma,fp16,32,7.108936168620517e-06,1.774345030958191e-06,0.0,66
gemma,fp32,32,1.9198344190438088e-08,3.893925896460669e-09,0.0,66
gemma,fp16,32,6.551709754942792e-06,1.6386206659335656e-06,0.0,47
gemma,fp32,32,3.5065054776461935e-08,8.147698800364811e-09,0.0,47
gemma,fp16,32,8.23443669406565e-06,2.054962378039704e-06,0.0,74
gemma,fp32,32,2.886097899557072e-08,9.351683274982925e-09,0.0,74
gemma,fp16,32,8.081017392580492e-06,2.0292794068454967e-06,0.0,81
gemma,fp32,32,3.2877656604146654e-08,5.706720172912912e-09,0.0,81
gemma,fp16,32,5.79667888001012e-06,1.4519160410619847e-06,0.0,60
gemma,fp32,32,3.5129247928991636e-08,7.257537347135634e-09,0.0,60
gemma,fp16,32,9.954265970613108e-06,2.4839087432726448e-06,0.0,52
gemma,fp32,32,2.8138354532698806e-08,5.486603817323257e-09,0.0,52
gemma,fp16,32,9.432947123855229e-06,2.3699699148171938e-06,0.0,66
gemma,fp32,32,3.4877079724271454e-08,1.0738427595052835e-08,0.0,66
gemma,fp16,32,8.860120496834156e-06,2.221223182594101e-06,0.0,48
gemma,fp32,32,2.1069758229796953e-08,6.99637054280694e-09,0.0,48
gemma,fp16,32,5.949012739314696e-06,1.4835000215207561e-06,0.0,44
gemma,fp32,32,2.4825483481427657e-08,4.949422696340355e-09,0.0,44
gemma,fp16,32,0.04751759501827735,0.008098114876322171,0.09375,54
gemma,fp32,32,2.4201420256719786e-08,1.1242199560168586e-08,0.0,54
gemma,fp16,32,6.198274702717832e-06,1.5464082017691005e-06,0.0,91
gemma,fp32,32,2.5590465545233254e-08,7.14510145591752e-09,0.0,91
gemma,fp16,32,8.200500630106689e-06,2.0523395162230784e-06,0.0,71
gemma,fp32,32,4.058420352559544e-08,6.342660273622562e-09,0.0,71
gemma,fp16,32,2.9850439309253574e-06,7.355897315708404e-07,0.0,80
gemma,fp32,32,2.1419062655458898e-08,5.558481700959628e-09,0.0,80
gemma,fp16,32,6.914799026702667e-06,1.7338116223286626e-06,0.0,92
gemma,fp32,32,4.0835793465123817e-08,6.902334500616045e-09,0.0,92
gemma,fp16,32,6.536732357620423e-06,1.6463340928862813e-06,0.0,63
gemma,fp32,32,2.5391277233555165e-08,9.09568124984883e-09,0.0,63
gemma,fp16,32,6.110003064385694e-06,1.5226792168809844e-06,0.0,63
gemma,fp32,32,3.2875949462557105e-08,7.74665344371872e-09,0.0,63
gemma,fp16,32,6.887635643937351e-06,1.7262766462133872e-06,0.0,90
gemma,fp32,32,1.316812201857323e-08,5.65707612709427e-09,0.0,90
gemma,fp16,32,9.574280731339257e-06,2.3997314832491234e-06,0.0,54
gemma,fp32,32,2.851763427583632e-08,7.578105795658097e-09,0.0,54
gemma,fp16,32,5.56039617119859,0.42455784154827825,0.6875,72
gemma,fp32,32,2.352806105498928e-08,1.2007602259722638e-08,0.0,72
gemma,fp16,32,8.298999367717386e-06,2.069995640618938e-06,0.0,82
gemma,fp32,32,1.978593794946075e-08,6.173592749441161e-09,0.0,82
gemma,fp16,32,1.574897474443393e-05,3.932952821861235e-06,0.0,48
gemma,fp32,32,3.0799391537161824e-08,1.3060651421481495e-08,0.0,48
gemma,fp16,32,3.3805225010397066e-06,8.447756294494013e-07,0.0,75
gemma,fp32,32,3.179752039450534e-08,5.557042298542925e-09,0.0,75
gemma,fp16,32,5.009872910299862e-06,1.2541222882203606e-06,0.0,65
gemma,fp32,32,1.7532121355384733e-08,4.074527225816568e-09,0.0,65
gemma,fp16,32,7.754351734057252e-06,1.942731994081237e-06,0.0,44
gemma,fp32,32,3.551328738873004e-08,4.105717238303379e-09,0.0,44
gemma,fp16,32,6.4051881938365085e-06,1.6017894439168678e-06,0.0,62
gemma,fp32,32,2.7407364357190378e-08,4.506411260428098e-09,0.0,62
gemma,fp16,32,7.329953322976479e-06,1.8323384563256884e-06,0.0,103
gemma,fp32,32,2.9308587393725265e-08,5.322650359620095e-09,0.0,103
gemma,fp16,32,5.860532517942829e-06,1.4548799098790255e-06,0.0,137
gemma,fp32,32,3.7710498345527865e-08,2.7038571243087617e-09,0.0,137
gemma,fp16,32,1.0810251789727943e-05,2.701952161898724e-06,0.0,46
gemma,fp32,32,3.3296033929985924e-08,8.290765567131597e-09,0.0,46
gemma,fp16,32,2.9796797598180547e-06,7.476315738719208e-07,0.0,49
gemma,fp32,32,2.656027590529006e-08,1.1619789248282003e-08,0.0,49
gemma,fp16,32,1.3962351163243625e-05,3.4823430139496736e-06,0.0,40
gemma,fp32,32,3.0394912932905915e-08,1.7962990350381403e-08,0.0,40
gemma,fp16,32,8.620377884849262e-06,2.155361385328125e-06,0.0,39
gemma,fp32,32,3.4419915584393834e-08,1.1135755819194348e-08,0.0,39
gemma,fp16,32,1.023049209636362e-05,2.5616320974974904e-06,0.0,137
gemma,fp32,32,3.398738697109934e-08,1.1758714789790025e-08,0.0,137
gemma,fp16,32,1.4060534756499266e-05,3.5154080363364315e-06,0.0,39
gemma,fp32,32,1.9859709238234657e-08,6.468082777710826e-09,0.0,39
gemma,fp16,32,1.4634987456130233e-05,3.6709335908824414e-06,0.0,51
gemma,fp32,32,2.96479428993357e-08,7.258070349597245e-09,0.0,51
gemma,fp16,32,8.035322815125312e-06,2.0026298104269813e-06,0.0,44
gemma,fp32,32,2.5082808647811095e-08,8.38915635700474e-09,0.0,44
gemma,fp16,32,9.449775797421012e-06,2.3657326787551725e-06,0.0,61
gemma,fp32,32,1.7727744744400198e-08,9.864925064329011e-09,0.0,61
gemma,fp16,32,5.176443841348188e-06,1.2943709124801916e-06,0.0,77
gemma,fp32,32,1.83907296891217e-08,2.2841206773205336e-09,0.0,77
gemma,fp16,32,5.4700323612877355e-06,1.3631631394783739e-06,0.0,88
gemma,fp32,32,2.705615900766567e-08,5.666948344612566e-09,0.0,88
gemma,fp16,32,8.856174712468246e-06,2.2060405483470547e-06,0.0,49
gemma,fp32,32,2.4579203339314404e-08,1.1587068384638632e-08,0.0,49
gemma,fp16,32,9.998928667265261e-06,2.494809152542299e-06,0.0,51
gemma,fp32,32,1.841385721679245e-08,1.1714317623562343e-08,0.0,51
gemma,fp16,32,7.2039125460499065e-06,1.8024974732244736e-06,0.0,59
gemma,fp32,32,2.9596551990446196e-08,8.561934956158312e-09,0.0,59
gemma,fp16,32,5.057464488533725e-06,1.2586247223611569e-06,0.0,53
gemma,fp32,32,2.8631943486262523e-08,7.132120980038242e-09,0.0,53
gemma,fp16,32,6.733680112169793e-06,1.6736233300340686e-06,0.0,56
gemma,fp32,32,2.2925248113064844e-08,1.0190760063068238e-08,0.0,56
gemma,fp16,32,4.594152647086069e-06,1.1525973997728034e-06,0.0,61
gemma,fp32,32,1.957793126922125e-08,5.755736764534013e-09,0.0,61
gemma,fp16,32,4.917024963191352e-06,1.2260264842245405e-06,0.0,79
gemma,fp32,32,1.5896137600668325e-08,7.414471762251518e-09,0.0,79
gemma,fp16,32,1.302484618825872e-05,3.2554058070344283e-06,0.0,62
gemma,fp32,32,2.2156346310593655e-08,1.0731604417613116e-08,0.0,62
gemma,fp16,32,4.60896725495985e-06,1.1472247040122951e-06,0.0,55
gemma,fp32,32,1.5857050411887536e-08,1.8096659337068013e-09,0.0,55
gemma,fp16,32,0.6061182954498925,0.042386350278900364,0.09375,34
gemma,fp32,32,1.9431912288514572e-08,7.011296736768313e-09,0.0,34
gemma,fp16,32,5.02519135725521e-06,1.2553575742257905e-06,0.0,104
gemma,fp32,32,1.6865676941840713e-08,8.017513353740513e-09,0.0,104
gemma,fp16,32,6.80166017019701e-06,1.6905383306009547e-06,0.0,42
gemma,fp32,32,3.038263421926979e-08,9.148394328515426e-09,0.0,42
gemma,fp16,32,1.0807837844462043e-05,2.6978743024319574e-06,0.0,41
gemma,fp32,32,3.2741033592631474e-08,7.469187306846647e-09,0.0,41
gemma,fp16,32,5.935521816602396e-06,1.4765187243137579e-06,0.0,49
gemma,fp32,32,2.8428283940437615e-08,4.468745965499968e-09,0.0,49
gemma,fp16,32,1.2810955492881249e-05,3.1992244498013633e-06,0.0,69
gemma,fp32,32,3.24887761693482e-08,9.431106673396528e-09,0.0,69
gemma,fp16,32,8.005228969487632e-06,2.012545484486594e-06,0.0,52
gemma,fp32,32,2.7701047677908264e-08,1.049884354453745e-08,0.0,52
gemma,fp16,32,6.66835481943906e-06,1.6699251096374823e-06,0.0,52
gemma,fp32,32,2.2491590048745458e-08,9.062043317131785e-09,0.0,52
gemma,fp16,32,4.85417331130833e-06,1.2106648747955973e-06,0.0,97
gemma,fp32,32,2.4708132123629767e-08,8.205181627890523e-09,0.0,97
gemma,fp16,32,6.5135399873739175e-06,1.6230221730750838e-06,0.0,64
gemma,fp32,32,1.9417660177684093e-08,5.815810960097846e-09,0.0,64
gemma,fp16,32,3.918326948459949e-06,9.806600060335846e-07,0.0,74
gemma,fp32,32,1.9080845753785027e-08,5.995309793836159e-09,0.0,74
gemma,fp16,32,1.4544906806968072e-05,3.635379821842477e-06,0.0,52
gemma,fp32,32,2.3495834826359197e-08,1.0675829520759295e-08,0.0,52
gemma,fp16,32,7.484828499747948,0.4606815902788739,0.71875,74
gemma,fp32,32,3.820697813683438e-08,5.29543230792795e-09,0.0,74
gemma,fp16,32,6.55783307856872e-06,1.6491479205016368e-06,0.0,51
gemma,fp32,32,3.652077990023983e-08,6.5069641211681906e-09,0.0,51
gemma,fp16,32,3.57196250178049e-06,9.033335683916732e-07,0.0,64
gemma,fp32,32,2.361125656796803e-08,6.005361874450443e-09,0.0,64
gemma,fp16,32,5.009035673270157e-06,1.2498641789905618e-06,0.0,71
gemma,fp32,32,3.642977672302372e-08,7.70484227113899e-09,0.0,71
gemma,fp16,32,2.0293599352072533e-06,4.997530038686193e-07,0.0,43
gemma,fp32,32,2.338608194943359e-08,2.8523987095907533e-09,0.0,43
gemma,fp16,32,7.081961111321533e-06,1.7740776896979504e-06,0.0,66
gemma,fp32,32,3.036558204883022e-08,6.620652706623709e-09,0.0,66
gemma,fp16,32,1.2136681284857787e-05,3.0434323066153013e-06,0.0,66
gemma,fp32,32,3.718537444630243e-08,8.180015997893975e-09,0.0,66
gemma,fp16,32,7.821226420068328e-06,1.957025789089961e-06,0.0,58
gemma,fp32,32,2.899304834755312e-08,6.773238081514421e-09,0.0,58
gemma,fp16,32,5.806878507819135e-06,1.4546152956318448e-06,0.0,47
gemma,fp32,32,2.369660124547368e-08,3.494995209473578e-09,0.0,47
gemma,fp16,32,1.0462895990492882e-05,2.617335105759011e-06,0.0,49
gemma,fp32,32,4.016165280895656e-08,1.3905028475869052e-08,0.0,49
gemma,fp16,32,3.417576659892063e-06,8.532925127591184e-07,0.0,69
gemma,fp32,32,2.7754971404503337e-08,5.836924416025013e-09,0.0,69
gemma,fp16,32,1.433881474932619e-05,3.5875368628590643e-06,0.0,51
gemma,fp32,32,2.1404865213625612e-08,1.6822686771389428e-08,0.0,51
gemma,fp16,32,5.282273061291143e-06,1.3145956484217347e-06,0.0,79
gemma,fp32,32,2.1996654615830113e-08,4.924930457482664e-09,0.0,79
gemma,fp16,32,8.794767909492407e-06,2.197793253500002e-06,0.0,85
gemma,fp32,32,4.50473138235985e-08,5.740147596827727e-09,0.0,85
gemma,fp16,32,7.528773825038471e-06,1.8777158403149308e-06,0.0,57
gemma,fp32,32,2.9624818558351973e-08,9.48224990757543e-09,0.0,57
gemma,fp16,32,8.985433813890609e-06,2.2457990275226436e-06,0.0,55
gemma,fp32,32,1.68050437732159e-08,1.350206474404203e-08,0.0,55
gemma,fp16,32,6.246266286424884e-06,1.5624045775347595e-06,0.0,119
gemma,fp32,32,3.528576574679532e-08,7.814314711420637e-09,0.0,119
gemma,fp16,32,1.3150909091930174e-05,3.292962917900155e-06,0.0,55
gemma,fp32,32,3.239762201567853e-08,1.614898895163641e-08,0.0,55
gemma,fp16,32,4.500667427742577e-06,1.1295752427864514e-06,0.0,72
gemma,fp32,32,2.6050324299607686e-08,6.878314600614749e-09,0.0,72
gemma,fp16,32,4.683297656349339e-06,1.1670796811608097e-06,0.0,63
gemma,fp32,32,3.0801506073138696e-08,3.4616391003661207e-09,0.0,63
gemma,fp16,32,5.251278965445749e-06,1.3146859085128026e-06,0.0,104
gemma,fp32,32,1.603622925595849e-08,5.914208288685871e-09,0.0,104
gemma,fp16,32,5.07614499856146e-06,1.2682504579308862e-06,0.0,67
gemma,fp32,32,2.361907838538055e-08,5.717825653055175e-09,0.0,67
gemma,fp16,32,3.246285656066661e-06,8.173077337692014e-07,0.0,95
gemma,fp32,32,2.979205648845351e-08,5.673271962457205e-09,0.0,95
gemma,fp16,32,5.968083465646146e-06,1.5003692238890753e-06,0.0,60
gemma,fp32,32,7.246129361468401e-09,6.259351771652818e-09,0.0,60
gemma,fp16,32,4.7081276566274255e-06,1.1730353053351905e-06,0.0,81
gemma,fp32,32,2.8123144119041044e-08,9.923900059355395e-09,0.0,81
gemma,fp16,32,6.004724624641966e-06,1.507719072701974e-06,0.0,39
gemma,fp32,32,3.5607117893077245e-08,8.234143250920867e-09,0.0,39
gemma,fp16,32,8.376883848804084e-06,2.0906496468464653e-06,0.0,60
gemma,fp32,32,2.0063444235857153e-08,7.423237879207109e-09,0.0,60
gemma,fp16,32,1.3346782912648791e-05,3.3227512904465684e-06,0.0,79
gemma,fp32,32,3.55721751776894e-08,9.852986981861989e-09,0.0,79
gemma,fp16,32,1.1807030192989565e-05,2.9450714660178567e-06,0.0,49
gemma,fp32,32,4.9397734916412084e-08,9.66077436104218e-09,0.0,49
gemma,fp16,32,2.9246210004885143e-06,7.32377582579602e-07,0.0,81
gemma,fp32,32,2.0238493540769564e-08,7.547368664068133e-09,0.0,81
gemma,fp16,32,9.588885842681805e-06,2.4020235450672445e-06,0.0,64
gemma,fp32,32,2.5913759981593953e-08,1.3129575462868942e-08,0.0,64
gemma,fp16,32,3.6906183278340166e-06,9.116729936531343e-07,0.0,57
gemma,fp32,32,1.7843554592222866e-08,3.2926538033649713e-09,0.0,57
gemma,fp16,32,9.65957083032265e-06,2.4189881782099576e-06,0.0,51
gemma,fp32,32,3.237569790037753e-08,7.402703974118685e-09,0.0,51
gemma,fp16,32,8.383522951183053e-06,2.0899455609457718e-06,0.0,45
gemma,fp32,32,2.293974519053995e-08,1.1844562500511885e-08,0.0,45
gemma,fp16,32,6.817339551545842e-06,1.702197514719117e-06,0.0,89
gemma,fp32,32,2.361461320932179e-08,1.0411319986691758e-08,0.0,89
gemma,fp16,32,9.540869005739918,0.4517455945197608,0.6875,49
gemma,fp32,32,1.3964624476746346e-08,1.027076952306305e-08,0.0,49
gemma,fp16,32,9.451501057355927e-06,2.372119997318123e-06,0.0,55
gemma,fp32,32,2.50615508901042e-08,8.746787898139541e-09,0.0,55
gemma,fp16,32,8.579241224992984e-06,2.1533788268079945e-06,0.0,85
gemma,fp32,32,2.768044403411718e-08,6.730407953181583e-09,0.0,85
gemma,fp16,32,7.4110503760493884e-06,1.847154801892792e-06,0.0,46
gemma,fp32,32,4.200623753003452e-08,9.885265613018834e-09,0.0,46
gemma,fp16,32,5.776809946622663e-06,1.4498404624085914e-06,0.0,39
gemma,fp32,32,2.000150482250136e-08,7.772054290209379e-09,0.0,39
gemma,fp16,32,5.505569888875073e-06,1.3792732319606316e-06,0.0,59
gemma,fp32,32,2.059112677588182e-08,9.13562982207683e-09,0.0,59
gemma,fp16,32,4.784988121286915e-06,1.20473918016617e-06,0.0,46
gemma,fp32,32,2.0141820808450284e-08,6.016675629938462e-09,0.0,46
gemma,fp16,32,9.083842284152155e-06,2.2831509885468115e-06,0.0,52
gemma,fp32,32,3.034527359816255e-08,1.2562477290356793e-08,0.0,52
gemma,fp16,32,8.828283494910494e-06,2.209827987376123e-06,0.0,46
gemma,fp32,32,2.4960803698265144e-08,5.9487693798709884e-09,0.0,46
gemma,fp16,32,2.7826196181690577e-06,6.920625285067317e-07,0.0,94
gemma,fp32,32,1.1977592319009633e-08,1.1319909656555896e-08,0.0,94
gemma,fp16,32,1.1158490938800725e-05,2.7822699664725725e-06,0.0,46
gemma,fp32,32,3.140433110565208e-08,5.0034763419059755e-09,0.0,46
gemma,fp16,32,6.1945142011410326e-06,1.5441341436606137e-06,0.0,75
gemma,fp32,32,3.7847952612246605e-08,8.822165568390938e-09,0.0,75
gemma,fp16,32,8.081780454638476e-06,2.0244071252673024e-06,0.0,59
gemma,fp32,32,2.4059162429673764e-08,6.323433989971483e-09,0.0,59
gemma,fp16,32,7.92527071502569e-06,1.9747031548139615e-06,0.0,45
gemma,fp32,32,2.3139364215517266e-08,4.107439000359224e-09,0.0,45
gemma,fp16,32,2.800681431880392e-06,7.02657247692029e-07,0.0,91
gemma,fp32,32,3.215713650916996e-08,8.533340227143138e-09,0.0,91
gemma,fp16,32,2.5769702028388686e-06,6.384882711013562e-07,0.0,55
gemma,fp32,32,2.5828561944600537e-08,8.602614316212398e-09,0.0,55
gemma,fp16,32,1.3016679847766e-05,3.2619987950788243e-06,0.0,57
gemma,fp32,32,3.476916643485595e-08,8.909835758075246e-09,0.0,57
gemma,fp16,32,3.974298804498844e-06,9.952527242895748e-07,0.0,89
gemma,fp32,32,1.8677707205524974e-08,5.629887028790748e-09,0.0,89
gemma,fp16,32,8.82127972978708e-06,2.212357227748818e-06,0.0,57
gemma,fp32,32,4.390015470590036e-08,7.178026143958571e-09,0.0,57
gemma,fp16,32,3.0646986721727387e-06,7.673457810275508e-07,0.0,60
gemma,fp32,32,2.3779144667224195e-08,2.2492516182914812e-09,0.0,60
gemma,fp16,32,8.319468489226267e-06,2.0770755663201967e-06,0.0,81
gemma,fp32,32,2.528921917016591e-08,5.8533319718945265e-09,0.0,81
gemma,fp16,32,9.211856066726476e-06,2.3043157380414625e-06,0.0,53
gemma,fp32,32,4.536007126160202e-08,1.0584012576520668e-08,0.0,53
gemma,fp16,32,8.47683046467651e-06,2.1155736982109152e-06,0.0,55
gemma,fp32,32,2.0044973514377062e-08,8.421438418143579e-09,0.0,55
gemma,fp16,32,4.076141626452312e-06,1.0186986765248207e-06,0.0,56
gemma,fp32,32,2.198521843743695e-08,9.291006745210106e-09,0.0,56
gemma,fp16,32,6.334576640565359e-06,1.5827146025992889e-06,0.0,44
gemma,fp32,32,3.202604985375057e-08,6.004434249286261e-09,0.0,44
gemma,fp16,32,8.133118427733343e-06,2.030328132895942e-06,0.0,66
gemma,fp32,32,2.5945812601483806e-08,5.651121980088103e-09,0.0,66
gemma,fp16,32,3.4443704435282996e-06,8.576638129698111e-07,0.0,27
gemma,fp32,32,2.3806382476454502e-08,2.827879402866884e-09,0.0,27
gemma,fp16,32,9.281718302167619e-06,2.3168664594619415e-06,0.0,69
gemma,fp32,32,3.234741435820254e-08,9.369515996393574e-09,0.0,69
gemma,fp16,32,8.985938017014306e-06,2.247647392650265e-06,0.0,48
gemma,fp32,32,3.6772540623619676e-08,1.1772692507590506e-08,0.0,48
gemma,fp16,32,6.1791763288909785e-06,1.5479104980148373e-06,0.0,70
gemma,fp32,32,1.7945771299543445e-08,7.296969736780845e-09,0.0,70
gemma,fp16,32,6.3709286832747125e-06,1.5937106793151301e-06,0.0,53
gemma,fp32,32,3.6529863425838194e-08,4.202958234916787e-09,0.0,53
gemma,fp16,32,4.603557282045756e-06,1.1594428891426034e-06,0.0,80
gemma,fp32,32,1.7691476783543436e-08,3.742955107313706e-09,0.0,80
gemma,fp16,32,5.7994750530809824e-06,1.455913768100281e-06,0.0,71
gemma,fp32,32,3.132566004857007e-08,6.2761018361501275e-09,0.0,71
gemma,fp16,32,7.029569006888892e-06,1.7667342804283948e-06,0.0,51
gemma,fp32,32,2.2770855201414975e-08,5.058761881615581e-09,0.0,51
gemma,fp16,32,8.285395180607225e-06,2.0813275609654625e-06,0.0,62
gemma,fp32,32,3.232710971134978e-08,8.57398003983878e-09,0.0,62
gemma,fp16,32,5.905514353976571e-06,1.470623683497152e-06,0.0,72
gemma,fp32,32,2.4937611350916988e-08,7.010426607279019e-09,0.0,72
gemma,fp16,32,8.30499896620207e-06,2.0764852462912264e-06,0.0,51
gemma,fp32,32,2.9633984252597223e-08,3.7566808015060404e-09,0.0,51
gemma,fp16,32,9.905968916479324e-06,2.4706509320349124e-06,0.0,65
gemma,fp32,32,2.411392837319004e-08,5.225775010636591e-09,0.0,65
gemma,fp16,29,5.305544774334349e-06,1.3292382752502103e-06,0.0,67
gemma,fp32,29,2.3650625220702376e-08,8.56093789728128e-09,0.0,67
gemma,fp16,32,7.794449672360315e-06,1.9449810538807455e-06,0.0,65
gemma,fp32,32,5.105715877862238e-08,6.8153676729965085e-09,0.0,65
gemma,fp16,32,3.873139404531045e-06,9.662666626830685e-07,0.0,69
gemma,fp32,32,2.9682529996410967e-08,6.179276253875932e-09,0.0,69
gemma,fp16,32,8.63133434281238e-06,2.1595936415264028e-06,0.0,63
gemma,fp32,32,2.495689753381075e-08,9.328297183308631e-09,0.0,63
gemma,fp16,32,1.2872638286198779e-05,3.2195411332758272e-06,0.0,51
gemma,fp32,32,3.0464785805150996e-08,7.581857031091488e-09,0.0,51
gemma,fp16,32,4.477833889959815e-06,1.1213995905201557e-06,0.0,77
gemma,fp32,32,2.6891921869887092e-08,7.72938701064374e-09,0.0,77
gemma,fp16,32,7.308292191865462e-06,1.823482776608376e-06,0.0,51
gemma,fp32,32,2.1651295852432965e-08,5.387858578774843e-09,0.0,51
gemma,fp16,32,4.354985263854694e-06,1.0954119995520983e-06,0.0,66
gemma,fp32,32,2.227461956549881e-08,5.7893361909977514e-09,0.0,66
gemma,fp16,32,8.712143402256345e-06,2.1805068959324103e-06,0.0,56
gemma,fp32,32,2.9381427679719962e-08,5.6015914753904106e-09,0.0,56
gemma,fp16,32,7.4088140653572054e-06,1.8631275829905647e-06,0.0,53
gemma,fp32,32,2.9915804937441504e-08,4.481659827536982e-09,0.0,53
gemma,fp16,32,6.966675172748182e-06,1.7339402045568608e-06,0.0,41
gemma,fp32,32,2.9028106706546764e-08,7.51352952684664e-09,0.0,41
gemma,fp16,32,6.977411857622684e-06,1.7532677279996634e-06,0.0,93
gemma,fp32,32,2.994658543364892e-08,7.732068867116748e-09,0.0,93
gemma,fp16,32,6.161490108125278e-06,1.540459645510417e-06,0.0,71
gemma,fp32,32,3.036108726277645e-08,6.203221138145754e-09,0.0,71
gemma,fp16,32,8.86269332323053e-06,2.2162116848911673e-06,0.0,72
gemma,fp32,32,2.798891680227955e-08,4.353124738280811e-09,0.0,72
gemma,fp16,32,8.430340810106074e-06,2.091731833242516e-06,0.0,87
gemma,fp32,32,3.729249886674779e-08,1.107993656719597e-08,0.0,87
gemma,fp16,32,6.079960431337739e-06,1.5211904091927408e-06,0.0,94
gemma,fp32,32,1.3882732808820353e-08,2.4431446657424694e-09,0.0,94
gemma,fp16,32,8.40909681443236e-06,2.100860000686655e-06,0.0,112
gemma,fp32,32,1.9319116232111022e-08,9.106693421492146e-09,0.0,112
gemma,fp16,32,1.1167454048610637e-05,2.7809362261876913e-06,0.0,48
gemma,fp32,32,3.2524239551579015e-08,1.3713180868624164e-08,0.0,48
gemma,fp16,32,4.762845018602135e-06,1.1864344321987907e-06,0.0,68
gemma,fp32,32,2.9966200423836575e-08,7.061655517281995e-09,0.0,68
gemma,fp16,32,1.0057357260340183e-05,2.5061268375536905e-06,0.0,37
gemma,fp32,32,2.249530089981633e-08,9.677976283220535e-09,0.0,37
gemma,fp16,32,5.412177688124409e-06,1.3533096983042725e-06,0.0,70
gemma,fp32,32,2.2564983818106066e-08,6.71611345053405e-09,0.0,70
gemma,fp16,32,7.4219768997352276e-06,1.8522740847792818e-06,0.0,50
gemma,fp32,32,2.4661701170580405e-08,7.231726188315548e-09,0.0,50
gemma,fp16,32,4.319687195941668e-06,1.0791226354722738e-06,0.0,92
gemma,fp32,32,2.2836041613238933e-08,1.116063493011854e-08,0.0,92
gemma,fp16,32,6.845191325766109e-06,1.7148909147168823e-06,0.0,51
gemma,fp32,32,3.341045062832393e-08,7.36284489063696e-09,0.0,51
gemma,fp16,32,7.778754619547357e-06,1.944372924264637e-06,0.0,75
gemma,fp32,32,2.6576011431453384e-08,8.068661084756346e-09,0.0,75
gemma,fp16,32,8.694369894257648e-06,2.1782627478983407e-06,0.0,62
gemma,fp32,32,2.760462341176717e-08,8.022935095788886e-09,0.0,62
gemma,fp16,32,5.33433398963723e-06,1.3245441492504284e-06,0.0,71
gemma,fp32,32,3.90037003528132e-08,8.738529469476397e-09,0.0,71
gemma,fp16,32,6.4361360929687805e-06,1.6062835601904357e-06,0.0,61
gemma,fp32,32,1.717845804494189e-08,6.4693509889413026e-09,0.0,61
gemma,fp16,32,1.1226276911691091e-05,2.81296598170222e-06,0.0,40
gemma,fp32,32,2.982072633272992e-08,9.212983449052858e-09,0.0,40
gemma,fp16,32,6.517199423350384e-06,1.6317115467401333e-06,0.0,50
gemma,fp32,32,2.2552361991778902e-08,9.023929839480083e-09,0.0,50
gemma,fp16,32,1.0783619315279935e-05,2.690689948070535e-06,0.0,51
gemma,fp32,32,4.4488511888318705e-08,1.0454915877478044e-08,0.0,51
gemma,fp16,32,1.5151962533543895e-06,3.7802759164651256e-07,0.0,66
gemma,fp32,32,2.3562269788057755e-08,3.802673001138124e-09,0.0,66
gemma,fp16,32,4.046390826850654e-06,1.0081402834760667e-06,0.0,73
gemma,fp32,32,3.375708476291428e-08,7.91838901479519e-09,0.0,73
gemma,fp16,32,5.1896467019307835e-06,1.3039241506529464e-06,0.0,58
gemma,fp32,32,3.5325128017182905e-08,6.1353142392917e-09,0.0,58
gemma,fp16,32,8.418004785481466,0.3397310221735274,0.53125,48
gemma,fp32,32,1.4248760936766414e-08,8.32256694506886e-09,0.0,48
gemma,fp16,32,4.32978767239689e-06,1.0803902904810148e-06,0.0,47
gemma,fp32,32,2.9523336392799082e-08,7.552360362095278e-09,0.0,47
gemma,fp16,32,2.723286586236995e-06,6.857462753195875e-07,0.0,40
gemma,fp32,32,2.6908044321893344e-08,4.411288446017677e-09,0.0,40
gemma,fp16,32,9.015494856212669e-06,2.2484007609624435e-06,0.0,37
gemma,fp32,32,1.694943588259612e-08,8.574040834090357e-09,0.0,37
gemma,fp16,32,7.833051654415613e-06,1.9632666612423577e-06,0.0,51
gemma,fp32,32,2.9320862252046886e-08,1.5108554074494407e-08,0.0,51
gemma,fp16,32,2.6018130092619884e-06,6.460068083247172e-07,0.0,83
gemma,fp32,32,2.2718961050979813e-08,8.656492946068628e-09,0.0,83
gemma,fp16,32,6.483668003376408e-06,1.6300574547933877e-06,0.0,78
gemma,fp32,32,2.6882618422985338e-08,2.263400456642417e-09,0.0,78
gemma,fp16,32,3.990924461239054e-06,1.0048084636976595e-06,0.0,72
gemma,fp32,32,2.2951803582693664e-08,9.17806330848897e-09,0.0,72
gemma,fp16,32,4.575299510467654,0.23303837589700738,0.375,38
gemma,fp32,32,2.824763097042382e-08,6.7146269430024e-09,0.0,38
gemma,fp16,32,1.5776202802797457e-05,3.938854130414171e-06,0.0,83
gemma,fp32,32,3.894074110388779e-08,1.576494773614101e-08,0.0,83
gemma,fp16,32,9.92139632804978e-06,2.4924819345684135e-06,0.0,45
gemma,fp32,32,2.2891676554337437e-08,7.1609855371856934e-09,0.0,45
gemma,fp16,32,6.408156338344462e-06,1.5976153801278148e-06,0.0,70
gemma,fp32,32,2.1129739972459982e-08,3.3219365192654893e-09,0.0,70
gemma,fp16,32,4.451996728827012e-06,1.1179771329805632e-06,0.0,110
gemma,fp32,32,2.1593930331353928e-08,5.027052340372817e-09,0.0,110
gemma,fp16,32,6.226032346345889e-06,1.556201518704281e-06,0.0,33
gemma,fp32,32,2.6240805510273357e-08,5.998615092823144e-09,0.0,33
gemma,fp16,32,1.0348521488623419e-05,2.59474276931293e-06,0.0,69
gemma,fp32,32,3.7633060501196525e-08,5.7819463245012415e-09,0.0,69
gemma,fp16,32,5.953833325911262e-06,1.4802682252179622e-06,0.0,66
gemma,fp32,32,2.0243401723137044e-08,7.78846869788595e-09,0.0,66
gemma,fp16,32,1.019805020874287e-05,2.551426495855935e-06,0.0,34
gemma,fp32,32,3.622780864187547e-08,1.4371922041345186e-08,0.0,34
gemma,fp16,32,4.439796084554359e-06,1.112599015584692e-06,0.0,83
gemma,fp32,32,3.030032488804402e-08,4.654085755673165e-09,0.0,83
gemma,fp16,32,4.82438216053982e-06,1.2063323769073708e-06,0.0,98
gemma,fp32,32,4.3211110039090284e-08,8.900052476251696e-09,0.0,98
gemma,fp16,32,1.3613727530614739e-05,3.406817118578598e-06,0.0,117
gemma,fp32,32,2.543161073398359e-08,9.63926576752483e-09,0.0,117
gemma,fp16,32,3.0201939367202613e-06,7.565920493446399e-07,0.0,65
gemma,fp32,32,2.3923908493150847e-08,7.467351115925114e-09,0.0,65
gemma,fp16,32,1.111859441627061e-05,2.776097305576264e-06,0.0,46
gemma,fp32,32,1.4580782164985706e-08,6.237313429635627e-09,0.0,46
gemma,fp16,32,8.643964149290806e-06,2.1687656184266046e-06,0.0,59
gemma,fp32,32,3.556264133175446e-08,1.5052874474674738e-08,0.0,59
gemma,fp16,32,1.0366614850987332e-05,2.590836048366185e-06,0.0,50
gemma,fp32,32,2.3153244765872216e-08,1.013173461100747e-08,0.0,50
gemma,fp16,32,7.392303853048787e-06,1.8526085002190662e-06,0.0,65
gemma,fp32,32,2.2303321030314738e-08,1.2679400350837366e-08,0.0,65
gemma,fp16,32,9.735402247912361e-06,2.4279303960650367e-06,0.0,54
gemma,fp32,32,3.764183501009377e-08,7.660924790375834e-09,0.0,54
gemma,fp16,32,7.935454922058938e-06,1.9915792961455736e-06,0.0,63
gemma,fp32,32,3.420499085360351e-08,1.4798714823016645e-08,0.0,63
gemma,fp16,32,1.0283140629230303e-05,2.577852410090564e-06,0.0,48
gemma,fp32,32,2.4283307392680697e-08,5.524179325783196e-09,0.0,48
gemma,fp16,32,2.844847595193471,0.16169928070544748,0.28125,72
gemma,fp32,32,2.8293343318393227e-08,6.762110560300932e-09,0.0,72
gemma,fp16,32,5.131381103362642e-06,1.2828252125007822e-06,0.0,42
gemma,fp32,32,1.8874258794765453e-08,7.046457632664538e-09,0.0,42
gemma,fp16,32,1.4134216844041703e-05,3.532838917186254e-06,0.0,56
gemma,fp32,32,3.6269074576988913e-08,8.740706224780181e-09,0.0,56
gemma,fp16,32,3.508831570631088e-06,8.750321772166281e-07,0.0,35
gemma,fp32,32,3.746173670750308e-08,1.0257451689356552e-08,0.0,35
gemma,fp16,32,8.79074520643286e-06,2.2097148013600076e-06,0.0,45
gemma,fp32,32,3.043408472458431e-08,1.1200851551818047e-08,0.0,45
gemma,fp16,32,9.75563380034572e-06,2.4584365347635195e-06,0.0,41
gemma,fp32,32,2.646084817925498e-08,6.977821896680947e-09,0.0,41
gemma,fp16,32,5.775239251271103e-06,1.4471061061394064e-06,0.0,134
gemma,fp32,32,1.752403472332631e-08,5.914176964133544e-09,0.0,134
gemma,fp16,32,7.610162160887057e-06,1.9092030232314983e-06,0.0,116
gemma,fp32,32,3.5979448878564746e-08,9.475190094337949e-09,0.0,116
gemma,fp16,32,6.672557350206887e-06,1.6597053784372928e-06,0.0,51
gemma,fp32,32,2.8122559519831725e-08,7.150794649121717e-09,0.0,51
gemma,fp16,32,6.8589815866992865e-06,1.7093877941742885e-06,0.0,43
gemma,fp32,32,1.7483286075814508e-08,1.6402740676130234e-09,0.0,43
gemma,fp16,32,1.4938797729513453e-05,3.7232605487602655e-06,0.0,38
gemma,fp32,32,4.3119605830366226e-08,1.0815362300187203e-08,0.0,38
gemma,fp16,32,5.720146036836127e-06,1.430916261813131e-06,0.0,124
gemma,fp32,32,2.3470613355613956e-08,1.1623340546995653e-08,0.0,124
gemma,fp16,32,1.120070020377284e-05,2.8045918378794e-06,0.0,68
gemma,fp32,32,2.2020419709889438e-08,1.3132615606092912e-08,0.0,68
gemma,fp16,32,4.195726612810091e-06,1.0435867352498462e-06,0.0,40
gemma,fp32,32,3.7513961353985437e-08,4.911832145876316e-09,0.0,40
gemma,fp16,32,5.8700552192370026e-06,1.4758054555086275e-06,0.0,85
gemma,fp32,32,1.8553268282817115e-08,9.977260573279523e-09,0.0,85
gemma,fp16,32,5.921741394132596e-06,1.4717311375145314e-06,0.0,82
gemma,fp32,32,2.0027084665120987e-08,6.5747949081623736e-09,0.0,82
gemma,fp16,32,1.4035281648672182e-05,3.501648794645984e-06,0.0,76
gemma,fp32,32,3.3244345179483936e-08,1.4177497204004297e-08,0.0,76
gemma,fp16,32,1.0497306956125385e-05,2.614153590430046e-06,0.0,58
gemma,fp32,32,2.94908008274114e-08,7.048787495529674e-09,0.0,58
gemma,fp16,32,5.8505554892951395e-06,1.4705789565527816e-06,0.0,50
gemma,fp32,32,2.1871040100512884e-08,8.89585100548318e-09,0.0,50
gemma,fp16,32,1.1042128680305296e-05,2.759722121825625e-06,0.0,74
gemma,fp32,32,3.837444956245051e-08,1.1863304560932875e-08,0.0,74
gemma,fp16,32,5.802581978908705e-06,1.4441599308356867e-06,0.0,67
gemma,fp32,32,3.5523593485201066e-08,4.1302647378616e-09,0.0,67
gemma,fp16,32,8.102066154980214e-06,2.0305537907425175e-06,0.0,36
gemma,fp32,32,3.2182019774756876e-08,9.539014100314047e-09,0.0,36
gemma,fp16,32,0.140528589063333,0.025829781352531,0.09375,122
gemma,fp32,32,2.5128322811429626e-08,8.754686674390666e-09,0.0,122
gemma,fp16,32,7.101722922286946e-06,1.7755628663185252e-06,0.0,56
gemma,fp32,32,2.4820750767857655e-08,9.178774578453338e-09,0.0,56
gemma,fp16,32,8.677736989426421e-06,2.17038070582376e-06,0.0,48
gemma,fp32,32,3.672414222721798e-08,1.244081143658704e-08,0.0,48
gemma,fp16,32,3.9432095011449064e-06,9.91513157577728e-07,0.0,94
gemma,fp32,32,2.3010461064343346e-08,2.4498508985337786e-09,0.0,94
gemma,fp16,32,1.1943769883338007e-05,2.9988642618050676e-06,0.0,123
gemma,fp32,32,1.5384996970846387e-08,7.069546899274304e-09,0.0,123
gemma,fp16,32,4.883477051187413e-06,1.221075895507795e-06,0.0,88
gemma,fp32,32,2.111165542384441e-08,9.77089415973853e-09,0.0,88
gemma,fp16,32,1.2469193467090633e-05,3.1080855007470376e-06,0.0,55
gemma,fp32,32,3.860405733968619e-08,1.0115709318803123e-08,0.0,55
gemma,fp16,32,5.220892050572523e-06,1.310651740693558e-06,0.0,31
gemma,fp32,32,2.4885525320983426e-08,1.3908637949699987e-08,0.0,31
gemma,fp16,13,1.1981077060104675e-05,3.0016986541498295e-06,0.0,67
gemma,fp32,13,3.648456087673297e-08,1.506808565101035e-08,0.0,67
gemma,fp16,32,8.327292251752993e-06,2.0783270252011654e-06,0.0,49
gemma,fp32,32,2.5474513609680116e-08,4.781546894538913e-09,0.0,49
gemma,fp16,32,1.4567056142666956e-05,3.6421395539498747e-06,0.0,46
gemma,fp32,32,3.4558166661646794e-08,1.008667097068816e-08,0.0,46
gemma,fp16,32,5.857412185172883e-06,1.4607027615520796e-06,0.0,58
gemma,fp32,32,2.543341571766347e-08,7.246148118599666e-09,0.0,58
gemma,fp16,32,1.0469604243668051e-05,2.606728046639084e-06,0.0,41
gemma,fp32,32,3.558781322410276e-08,7.543703807455504e-09,0.0,41
gemma,fp16,32,5.803873668774884e-06,1.4545585855507692e-06,0.0,47
gemma,fp32,32,3.0361230023145946e-08,7.567387052057062e-09,0.0,47
gemma,fp16,32,3.6447373852332987e-06,9.104987941099818e-07,0.0,66
gemma,fp32,32,2.060412622982566e-08,4.30852285793204e-09,0.0,66
gemma,fp16,32,8.93133091750542e-06,2.2319849959373528e-06,0.0,43
gemma,fp32,32,1.6944993325163082e-08,9.942894341197217e-09,0.0,43
gemma,fp16,32,6.628298348965167e-06,1.6615413714615723e-06,0.0,51
gemma,fp32,32,3.426207934031922e-08,7.714272803882594e-09,0.0,51
gemma,fp16,32,5.520043110607276e-06,1.3785286917533668e-06,0.0,48
gemma,fp32,32,2.1251963001900354e-08,1.0565339643095473e-08,0.0,48
gemma,fp16,32,9.168461278075135e-06,2.292093713052168e-06,0.0,94
gemma,fp32,32,2.4810725376966936e-08,5.9506678577736505e-09,0.0,94
gemma,fp16,32,3.880886636498104e-06,9.673257673203928e-07,0.0,42
gemma,fp32,32,2.546909848820389e-08,4.6787974224138384e-09,0.0,42
gemma,fp16,32,6.052408846990431e-06,1.5091878324824393e-06,0.0,85
gemma,fp32,32,2.4630131850722492e-08,7.795074127847634e-09,0.0,85
gemma,fp16,32,4.902421459895834e-06,1.2235121087389444e-06,0.0,49
gemma,fp32,32,2.161706738612601e-08,1.0204583400508227e-08,0.0,49
gemma,fp16,32,1.091997547764123e-05,2.7341206940700857e-06,0.0,48
gemma,fp32,32,1.7773689780370416e-08,6.928164492624178e-09,0.0,48
gemma,fp16,32,1.6126666199767214e-05,4.037225734165872e-06,0.0,42
gemma,fp32,32,4.902981079468738e-08,1.2279126881953317e-08,0.0,42
gemma,fp16,32,6.791828530583466e-06,1.6964787131201753e-06,0.0,69
gemma,fp32,32,2.517100320884036e-08,6.562436313979625e-09,0.0,69
gemma,fp16,32,8.20065008433346e-06,2.052546987596493e-06,0.0,52
gemma,fp32,32,5.472737540923589e-08,7.736267043645384e-09,0.0,52
gemma,fp16,32,1.2174113959595445e-05,3.0407776814289633e-06,0.0,88
gemma,fp32,32,2.0446376550187217e-08,6.851821492126486e-09,0.0,88
gemma,fp16,32,4.449988197485766e-06,1.1056713327128875e-06,0.0,104
gemma,fp32,32,1.8648393875983493e-08,3.758017945443282e-09,0.0,104
gemma,fp16,32,1.0197252437116333e-05,2.558600475932593e-06,0.0,66
gemma,fp32,32,3.9024875542886805e-08,8.685070218561464e-09,0.0,66
gemma,fp16,32,6.410148878588373e-06,1.594542330951576e-06,0.0,39
gemma,fp32,32,2.808053832514812e-08,4.224895866315748e-09,0.0,39
gemma,fp16,32,6.067839429135802e-06,1.509672157395947e-06,0.0,64
gemma,fp32,32,4.138462994518477e-08,8.147109986644807e-09,0.0,64
gemma,fp16,32,1.1304593651395578e-05,2.828484759298533e-06,0.0,37
gemma,fp32,32,2.282413458232213e-08,9.022857204443735e-09,0.0,37
gemma,fp16,32,5.058332742891025e-06,1.2697495752611587e-06,0.0,52
gemma,fp32,32,2.563219381190862e-08,7.40120670479627e-09,0.0,52
gemma,fp16,32,6.8402793589328326e-06,1.7129817367622646e-06,0.0,78
gemma,fp32,32,1.9527064877827155e-08,9.32613061993895e-09,0.0,78
gemma,fp16,32,1.431403464058345e-05,3.5782649259186172e-06,0.0,60
gemma,fp32,32,1.560884418938535e-08,8.386430661033728e-09,0.0,60
gemma,fp16,32,5.51692017258798e-06,1.3867431581382483e-06,0.0,51
gemma,fp32,32,2.7914444034049524e-08,1.2043844788882721e-08,0.0,51
gemma,fp16,32,1.3251437113837028e-05,3.316488380228355e-06,0.0,56
gemma,fp32,32,3.165166218010995e-08,1.2350925338022734e-08,0.0,56
gemma,fp16,32,1.0634099186335177e-05,2.659891702894157e-06,0.0,48
gemma,fp32,32,3.533362369356752e-08,1.0469773298327212e-08,0.0,48
gemma,fp16,32,6.4787592251036585e-06,1.6133652361027817e-06,0.0,49
gemma,fp32,32,2.9021715346015664e-08,8.34220726525503e-09,0.0,49
gemma,fp16,32,7.200401433760106e-06,1.7887756447176884e-06,0.0,56
gemma,fp32,32,2.1353351059572034e-08,4.77979160678349e-09,0.0,56
gemma,fp16,32,5.742181634849075e-06,1.4353445357828676e-06,0.0,53
gemma,fp32,32,2.3807921060818582e-08,9.061355175530791e-09,0.0,53
gemma,fp16,32,7.0318989093820505e-06,1.7502029291682764e-06,0.0,43
gemma,fp32,32,4.262227815826636e-08,9.904386755188455e-09,0.0,43
gemma,fp16,32,1.5180298603922893e-05,3.795708900966588e-06,0.0,159
gemma,fp32,32,3.695614148035986e-08,1.0011399376175234e-08,0.0,159
gemma,fp16,32,6.07081899356432e-06,1.5099701813625632e-06,0.0,91
gemma,fp32,32,2.6710982049035076e-08,6.84632923595406e-09,0.0,91
gemma,fp16,32,4.425369155347525e-06,1.0983223503735484e-06,0.0,50
gemma,fp32,32,1.922024555657542e-08,9.630671345963685e-09,0.0,50
gemma,fp16,32,1.5356094721141744e-05,3.833077970583076e-06,0.0,68
gemma,fp32,32,1.3769380247108387e-08,1.115239012250413e-08,0.0,68
gemma,fp16,32,6.844211892342855e-06,1.7049214600661777e-06,0.0,63
gemma,fp32,32,2.1038282910917916e-08,1.1564301251841547e-08,0.0,63
gemma,fp16,32,3.480627017715676e-06,8.647054086097228e-07,0.0,40
gemma,fp32,32,2.5665158234766672e-08,4.792028220415578e-09,0.0,40
gemma,fp16,32,1.2753430478795735e-05,3.191587380213523e-06,0.0,38
gemma,fp32,32,4.195861502687137e-08,6.730012463984636e-09,0.0,38
gemma,fp16,32,7.911332422283479e-06,1.9677503396153817e-06,0.0,68
gemma,fp32,32,2.9111244102819622e-08,1.9241339507813926e-08,0.0,68
gemma,fp16,32,9.16459703748096e-06,2.2904298001835688e-06,0.0,134
gemma,fp32,32,2.6194917636043757e-08,9.139395753111727e-09,0.0,134
gemma,fp16,32,3.6634544977598438e-06,9.155352779788295e-07,0.0,89
gemma,fp32,32,3.2073492653439395e-08,5.005639888699953e-09,0.0,89
gemma,fp16,32,2.085412458496805e-06,5.109503100619861e-07,0.0,58
gemma,fp32,32,2.026810758115616e-08,5.7805486196327305e-09,0.0,58
gemma,fp16,32,6.04581816787686e-06,1.5054553932358772e-06,0.0,57
gemma,fp32,32,1.7497758172946298e-08,9.579744209703422e-09,0.0,57
gemma,fp16,32,1.2068717405888663e-05,3.0356211069282324e-06,0.0,58
gemma,fp32,32,5.459005880670276e-08,1.2004085836458955e-08,0.0,58
gemma,fp16,32,1.1889734466308255e-05,2.967907281714588e-06,0.0,51
gemma,fp32,32,3.361608513774428e-08,1.2388629400117424e-08,0.0,51
gemma,fp16,32,9.272644535762709e-06,2.3224903489271753e-06,0.0,52
gemma,fp32,32,2.3896878753593143e-08,1.1590890199031367e-08,0.0,52
gemma,fp16,32,1.5312413156554072e-05,3.821777205426091e-06,0.0,55
gemma,fp32,32,3.69756358309381e-08,8.377949931026585e-09,0.0,55
gemma,fp16,32,1.2389446313321173e-05,3.0998193878417624e-06,0.0,57
gemma,fp32,32,3.50123252612633e-08,3.85498458849165e-09,0.0,57
gemma,fp16,32,6.444329325505649e-06,1.5979521102993388e-06,0.0,37
gemma,fp32,32,3.443630621803584e-08,1.282908135280536e-08,0.0,37
gemma,fp16,32,4.294774069268925e-06,1.0732607167440733e-06,0.0,67
gemma,fp32,32,2.4943845017277866e-08,1.0270826758529417e-08,0.0,67
gemma,fp16,32,9.552636516474422e-06,2.383659804539029e-06,0.0,63
gemma,fp32,32,3.856407302174625e-08,7.060246672019321e-09,0.0,63
gemma,fp16,32,1.2801398844075607e-05,3.199665302489052e-06,0.0,46
gemma,fp32,32,3.993659862533416e-08,9.450705187180608e-09,0.0,46
gemma,fp16,32,1.2099686705902002e-05,3.014707916026982e-06,0.0,43
gemma,fp32,32,2.5369849868464578e-08,1.4155967176243678e-08,0.0,43
gemma,fp16,32,6.9894408021298204e-06,1.747954263997542e-06,0.0,71
gemma,fp32,32,2.5299816332202685e-08,9.697930096128071e-09,0.0,71
gemma,fp16,32,6.499256784753271e-06,1.6237496593962675e-06,0.0,51
gemma,fp32,32,3.767600981023633e-08,7.596156017782366e-09,0.0,51
gemma,fp16,32,6.976037137951252e-06,1.7395826001909143e-06,0.0,65
gemma,fp32,32,3.390255629465329e-08,1.1117352635703348e-08,0.0,65
gemma,fp16,32,3.974559546260359e-06,9.904250662384761e-07,0.0,40
gemma,fp32,32,3.541829834974308e-08,6.526256992721996e-09,0.0,40
gemma,fp16,32,1.1900328316549746e-05,2.971751339841955e-06,0.0,50
gemma,fp32,32,2.750929620209952e-08,1.0128249815222201e-08,0.0,50
gemma,fp16,32,5.7484680886510375e-06,1.429501380489917e-06,0.0,68
gemma,fp32,32,2.8088184398158966e-08,1.1833172515636481e-08,0.0,68
gemma,fp16,32,8.285883728476051e-06,2.0661396384902275e-06,0.0,55
gemma,fp32,32,2.7988058842742802e-08,5.685833505408855e-09,0.0,55
gemma,fp16,32,3.184715708481889e-06,7.900060614574045e-07,0.0,85
gemma,fp32,32,1.5607726486233098e-08,6.631174165327991e-09,0.0,85
gemma,fp16,32,2.8318551494876942e-06,7.124411213754733e-07,0.0,98
gemma,fp32,32,2.2205341801417866e-08,5.052931227947366e-09,0.0,98
gemma,fp16,32,5.047165950955446e-06,1.2576046750922831e-06,0.0,86
gemma,fp32,32,3.093688288879903e-08,5.369014288714169e-09,0.0,86
gemma,fp16,32,6.366705220528512e-06,1.5867278888581637e-06,0.0,60
gemma,fp32,32,2.979651517187598e-08,8.50369508836879e-09,0.0,60
gemma,fp16,32,6.7668915606500235e-06,1.6842572669040212e-06,0.0,63
gemma,fp32,32,1.6631012265261313e-08,8.095072612235299e-09,0.0,63
gemma,fp16,32,5.797304329036024e-06,1.4453905745059892e-06,0.0,51
gemma,fp32,32,2.6932745192907726e-08,5.772792209752034e-09,0.0,51
gemma,fp16,32,1.1060421550634914e-05,2.777812624782383e-06,0.0,77
gemma,fp32,32,2.4089268917722867e-08,8.63071022288997e-09,0.0,77
gemma,fp16,1,0.0,0.0,0.0,84
gemma,fp32,1,0.0,0.0,0.0,84
gemma,fp16,32,3.176082572831085e-06,7.99629949477243e-07,0.0,68
gemma,fp32,32,3.324827012318732e-08,5.607614379787851e-09,0.0,68
gemma,fp16,32,7.307346657103864e-06,1.8212782673526773e-06,0.0,58
gemma,fp32,32,2.835532746971181e-08,4.7059742049396225e-09,0.0,58
gemma,fp16,32,6.836840487522977e-06,1.7144821496950513e-06,0.0,54
gemma,fp32,32,1.2563637852291976e-08,7.676005905118272e-09,0.0,54
gemma,fp16,32,9.951265378838059e-06,2.4855708482540706e-06,0.0,41
gemma,fp32,32,3.506812318310182e-08,1.0580365417123261e-08,0.0,41
gemma,fp16,32,7.63884427179562e-06,1.9057659320087517e-06,0.0,125
gemma,fp32,32,2.576448465685388e-08,1.1083093644226327e-08,0.0,125
gemma,fp16,32,9.41743742899348e-06,2.356882575299535e-06,0.0,72
gemma,fp32,32,2.788490818111944e-08,9.945979560018088e-09,0.0,72
gemma,fp16,32,1.2725415931585937e-05,3.1839021530540024e-06,0.0,45
gemma,fp32,32,2.4494096001470567e-08,8.062294821337135e-09,0.0,45
gemma,fp16,32,9.116828868727112e-06,2.2716061265359855e-06,0.0,83
gemma,fp32,32,2.9386793186370053e-08,9.138719975210208e-09,0.0,83
gemma,fp16,32,3.0939688329123527e-06,7.748900269222148e-07,0.0,70
gemma,fp32,32,2.4091336925380347e-08,6.4265008592467865e-09,0.0,70
gemma,fp16,32,1.0776902362508167e-05,2.695294591514852e-06,0.0,42
gemma,fp32,32,3.46409969598227e-08,1.2726320053335627e-08,0.0,42
gemma,fp16,32,8.028139644003659,0.507561233000672,0.8125,58
gemma,fp32,32,3.223681124819855e-08,2.1529957469623717e-09,0.0,58
gemma,fp16,32,4.468152443592999e-06,1.1161645390167507e-06,0.0,60
gemma,fp32,32,4.278577747651724e-08,6.2523640466383146e-09,0.0,60
gemma,fp16,32,1.3891008928013093e-05,3.4618044353340593e-06,0.0,42
gemma,fp32,32,4.233702799449901e-08,8.8186116881106e-09,0.0,42
gemma,fp16,32,1.0218299390629682e-05,2.5596006240358182e-06,0.0,55
gemma,fp32,32,1.441467554173792e-08,6.7267433251187725e-09,0.0,55
gemma,fp16,32,5.112118069305893e-06,1.2848018222655355e-06,0.0,36
gemma,fp32,32,2.16866002933358e-08,7.163541567226095e-09,0.0,36
gemma,fp16,32,8.703224584571956e-06,2.1765310598831356e-06,0.0,65
gemma,fp32,32,2.138557410455086e-08,3.403266089514051e-09,0.0,65
gemma,fp16,32,6.950317029463804e-06,1.7388136227536322e-06,0.0,37
gemma,fp32,32,5.199859270943463e-08,5.5453587905407095e-09,0.0,37
gemma,fp16,32,4.0143358777111615e-06,9.968611431043772e-07,0.0,32
gemma,fp32,32,1.4473420838559403e-08,9.359691487999255e-09,0.0,32
gemma,fp16,32,4.55929910891939e-06,1.1290497388127818e-06,0.0,69
gemma,fp32,32,2.0925019189599325e-08,1.1286333242988e-08,0.0,69
gemma,fp16,32,5.64506792466446e-06,1.408359898535938e-06,0.0,67
gemma,fp32,32,1.5999033266397497e-08,1.09642952713946e-09,0.0,67
gemma,fp16,32,1.012331258820609e-05,2.5233993610207506e-06,0.0,83
gemma,fp32,32,1.7597167306648842e-08,1.659641219939334e-08,0.0,83
gemma,fp16,32,7.460465714537179e-06,1.853089683617748e-06,0.0,55
gemma,fp32,32,2.1498335223569393e-08,7.966703815658624e-09,0.0,55
gemma,fp16,32,8.131287128509967e-06,2.0286640569633363e-06,0.0,57
gemma,fp32,32,2.4870934672849287e-08,1.20193482929052e-08,0.0,57
gemma,fp16,32,9.011992731400298e-06,2.2582504121682057e-06,0.0,54
gemma,fp32,32,1.8618379256721274e-08,8.901051286444236e-09,0.0,54
gemma,fp16,32,6.6280212589475695e-06,1.6673347646989356e-06,0.0,73
gemma,fp32,32,2.3639129036190365e-08,8.904216744140547e-09,0.0,73
gemma,fp16,32,1.2515843632598944e-05,3.1475399815406035e-06,0.0,72
gemma,fp32,32,3.511181312365608e-08,6.599691584896483e-09,0.0,72
gemma,fp16,32,9.75642176825886e-06,2.432547253627959e-06,0.0,42
gemma,fp32,32,4.351141710823292e-08,1.5353028667841606e-08,0.0,42
gemma,fp16,32,5.317937919580018e-06,1.3396245917007832e-06,0.0,104
gemma,fp32,32,2.2040904781861492e-08,5.264786065439786e-09,0.0,104
gemma,fp16,32,1.556305020855575e-05,3.890567824571534e-06,0.0,67
gemma,fp32,32,2.1078501361015967e-08,6.9054021528680565e-09,0.0,67
gemma,fp16,32,9.217403160732829e-06,2.3013053729314947e-06,0.0,63
gemma,fp32,32,3.520266289580576e-08,7.1242340637933665e-09,0.0,63
gemma,fp16,32,8.034332205753003e-06,2.0098424609038545e-06,0.0,50
gemma,fp32,32,3.6934833136381684e-08,6.777728475682032e-09,0.0,50
gemma,fp16,32,7.86602418800797e-06,1.9590622779563915e-06,0.0,46
gemma,fp32,32,3.0607497722087706e-08,9.098792572246467e-09,0.0,46
gemma,fp16,32,6.296485032031285e-06,1.5808197793010237e-06,0.0,99
gemma,fp32,32,1.9938587184076262e-08,8.831710816663285e-09,0.0,99
gemma,fp16,32,5.850342219559934e-06,1.4556047007729944e-06,0.0,64
gemma,fp32,32,1.9239668164194867e-08,5.950208326055417e-09,0.0,64
gemma,fp16,32,1.2352260126746728e-05,3.0912216039680196e-06,0.0,59
gemma,fp32,32,2.581519314287517e-08,1.1797672255786651e-08,0.0,59
gemma,fp16,32,9.235295743925676e-06,2.3095955182794725e-06,0.0,43
gemma,fp32,32,2.178188318602281e-08,5.972491562075688e-09,0.0,43
gemma,fp16,32,5.184340287511802e-06,1.3014188855464681e-06,0.0,63
gemma,fp32,32,3.4137832893854636e-08,8.599684093307802e-09,0.0,63
gemma,fp16,32,9.920525402051794e-06,2.4734999598541307e-06,0.0,38
gemma,fp32,32,2.551646080279496e-08,7.466441456641451e-09,0.0,38
gemma,fp16,32,1.162233133022994e-05,2.8949351142948387e-06,0.0,35
gemma,fp32,32,3.3324831699710344e-08,1.382486984613518e-08,0.0,35
gemma,fp16,32,7.115809774749238e-06,1.7807432185212857e-06,0.0,74
gemma,fp32,32,3.3294051527028856e-08,2.5637462647623566e-09,0.0,74
gemma,fp16,32,5.741749232512916e-06,1.4286606702107463e-06,0.0,54
gemma,fp32,32,2.8108920059610742e-08,3.9176024993481384e-09,0.0,54
gemma,fp16,32,6.725695347320482e-06,1.6820055446231663e-06,0.0,51
gemma,fp32,32,1.912335630127604e-08,7.636402409721965e-09,0.0,51
gemma,fp16,32,6.535537036223005e-06,1.619828864707351e-06,0.0,64
gemma,fp32,32,3.782853218170512e-08,4.983835605494591e-09,0.0,64
gemma,fp16,32,3.4847360967926733e-06,8.656985253097105e-07,0.0,33
gemma,fp32,32,2.2023447593388923e-08,1.143589064070416e-08,0.0,33
gemma,fp16,32,6.271583634642752e-06,1.5658399283857705e-06,0.0,84
gemma,fp32,32,3.5508286762298e-08,7.117066222819823e-09,0.0,84
gemma,fp16,32,4.896219303773819e-06,1.2283616308561562e-06,0.0,70
gemma,fp32,32,2.7098247701307088e-08,6.8487874260725334e-09,0.0,70
gemma,fp16,32,8.067289559932078e-06,2.0181811559716323e-06,0.0,45
gemma,fp32,32,1.625339213825322e-08,1.4471590994991068e-08,0.0,45
gemma,fp16,32,5.506406935751329e-06,1.386706574457719e-06,0.0,41
gemma,fp32,32,2.8079963076965697e-08,8.913356497330938e-09,0.0,41
gemma,fp16,32,4.811155760009456e-06,1.1900333259928786e-06,0.0,55
gemma,fp32,32,2.444676199496454e-08,8.093141593305472e-09,0.0,55
gemma,fp16,32,9.933195805444939e-06,2.4798430392491966e-06,0.0,64
gemma,fp32,32,2.9730452794085593e-08,7.2801451256321315e-09,0.0,64
gemma,fp16,32,7.27210046513882e-06,1.805089024004003e-06,0.0,59
gemma,fp32,32,3.0221026171145526e-08,1.579551894836939e-08,0.0,59
gemma,fp16,32,7.012047389398646e-06,1.7517954926660195e-06,0.0,61
gemma,fp32,32,3.7376693295954055e-08,1.1303253194538954e-08,0.0,61
gemma,fp16,32,1.1636013852900362e-05,2.9083207073732353e-06,0.0,28
gemma,fp32,32,2.9169380785787347e-08,9.805908085525061e-09,0.0,28
gemma,fp16,32,1.1198752850383187e-05,2.8028629937559835e-06,0.0,47
gemma,fp32,32,1.826814771677121e-08,4.505173574476107e-09,0.0,47
gemma,fp16,32,1.1521124239521896e-05,2.8916333564277252e-06,0.0,64
gemma,fp32,32,4.197579561715514e-08,1.2425932893744829e-08,0.0,64
gemma,fp16,32,1.185932348057861e-05,2.976528676472412e-06,0.0,40
gemma,fp32,32,1.6426311588713105e-08,6.5560776564554946e-09,0.0,40
gemma,fp16,32,3.780411063081246e-06,9.483797812626094e-07,0.0,123
gemma,fp32,32,2.8661692672016237e-08,5.2427151543688044e-09,0.0,123
gemma,fp16,32,1.1059468530305594e-05,2.770445192146198e-06,0.0,37
gemma,fp32,32,3.422594013757774e-08,1.1356913506843647e-08,0.0,37
gemma,fp16,32,1.3541350490697823e-05,3.3909209862237333e-06,0.0,61
gemma,fp32,32,2.256822651675039e-08,1.1088563192651613e-08,0.0,61
gemma,fp16,32,1.4137841956474162e-05,3.539331393187517e-06,0.0,41
gemma,fp32,32,3.262281325286387e-08,6.141725315822466e-09,0.0,41
gemma,fp16,32,2.224492072274885,0.12819795451579785,0.28125,63
gemma,fp32,32,3.510269973305835e-08,4.046482123768597e-09,0.0,63
gemma,fp16,32,6.722113763402149e-06,1.6877142932081313e-06,0.0,61
gemma,fp32,32,3.174201443356672e-08,1.519222674051246e-08,0.0,61
gemma,fp16,32,6.854067929440433e-06,1.7083261191486177e-06,0.0,70
gemma,fp32,32,1.871081675274694e-08,7.750837176072334e-09,0.0,70
gemma,fp16,32,4.253919142271911e-06,1.0654160109146993e-06,0.0,45
gemma,fp32,32,1.895637094517788e-08,1.1964699524538713e-08,0.0,45
gemma,fp16,32,5.162690192239694e-06,1.294936518014822e-06,0.0,36
gemma,fp32,32,3.8638842625449143e-08,5.640625355685103e-09,0.0,36
gemma,fp16,32,1.0176306413978153e-05,2.539950440777483e-06,0.0,61
gemma,fp32,32,2.4161057897431615e-08,9.813275636538776e-09,0.0,61
gemma,fp16,32,6.01105473929664e-06,1.496167930464809e-06,0.0,44
gemma,fp32,32,2.321936803245661e-08,6.667076977735081e-09,0.0,44
gemma,fp16,32,4.046627826145843e-06,1.0113641367680282e-06,0.0,47
gemma,fp32,32,3.603759131907969e-08,7.850792396388306e-09,0.0,47
gemma,fp16,32,2.9501629326134093e-06,7.344323548208465e-07,0.0,61
gemma,fp32,32,3.137166482147791e-08,7.599365137167524e-09,0.0,61
gemma,fp16,32,4.318101333167235e-06,1.068008513266383e-06,0.0,36
gemma,fp32,32,1.742832456998189e-08,5.9354488325148724e-09,0.0,36
gemma,fp16,32,4.338833371919648e-06,1.0892553726216114e-06,0.0,55
gemma,fp32,32,2.6251669177010384e-08,8.207011514826945e-09,0.0,55
gemma,fp16,32,5.043082977440605e-06,1.2594359297679603e-06,0.0,74
gemma,fp32,32,1.8093077203129582e-08,6.661189919099364e-09,0.0,74
gemma,fp16,32,7.951341091994024e-06,1.9832786604667696e-06,0.0,45
gemma,fp32,32,2.3663063203338552e-08,8.853154483817738e-09,0.0,45
gemma,fp16,32,1.1311644507294716e-05,2.8333372028566117e-06,0.0,68
gemma,fp32,32,2.2610278871404432e-08,1.7532605506298538e-08,0.0,68
gemma,fp16,32,2.0848068116308127e-06,5.190756556805454e-07,0.0,105
gemma,fp32,32,3.5982799406752974e-08,1.0820658744026268e-09,0.0,105
gemma,fp16,32,1.1437137244385553e-05,2.8783784019603686e-06,0.0,46
gemma,fp32,32,4.421774566117087e-08,1.0237603768198378e-08,0.0,46
gemma,fp16,32,2.061308947176599e-05,5.148861071724298e-06,0.0,43
gemma,fp32,32,3.190978414835399e-08,1.920224673712667e-08,0.0,43
gemma,fp16,32,7.009660252244032e-06,1.7470770968808225e-06,0.0,26
gemma,fp32,32,3.320124575267869e-08,7.287665124144915e-09,0.0,26
gemma,fp16,32,6.170410251193914e-06,1.5483441566654932e-06,0.0,47
gemma,fp32,32,2.57758041022349e-08,1.0540286407567656e-08,0.0,47
gemma,fp16,32,3.366915585667485e-06,8.473156217214672e-07,0.0,66
gemma,fp32,32,2.0919599490187846e-08,6.4048143594286344e-09,0.0,66
gemma,fp16,32,7.942825975382206e-06,1.977311007275717e-06,0.0,39
gemma,fp32,32,2.6517717952685357e-08,1.0436425392022341e-08,0.0,39
gemma,fp16,32,9.490188070060412e-06,2.376400381809418e-06,0.0,75
gemma,fp32,32,2.646950417184435e-08,7.198535676398998e-09,0.0,75
gemma,fp16,32,4.497734860997582e-06,1.120926483799689e-06,0.0,112
gemma,fp32,32,4.392045521717236e-08,9.335648035874167e-09,0.0,112
gemma,fp16,32,5.381046136010426e-06,1.343359711136749e-06,0.0,45
gemma,fp32,32,1.893947255970918e-08,3.52717690124682e-09,0.0,45
gemma,fp16,32,1.1565569039362344e-05,2.8791417778784023e-06,0.0,35
gemma,fp32,32,2.3047030062173235e-08,5.67049737720815e-09,0.0,35
gemma,fp16,32,5.5382759212019295e-06,1.390457946004453e-06,0.0,62
gemma,fp32,32,2.5048268181837585e-08,7.26377513498265e-09,0.0,62
gemma,fp16,32,4.7318969547127665e-06,1.1887218388517695e-06,0.0,64
gemma,fp32,32,4.286418615884191e-08,9.83949989194488e-09,0.0,64
gemma,fp16,32,3.969610910203869e-06,9.899948267833025e-07,0.0,61
gemma,fp32,32,2.8963135473292212e-08,4.440472722161415e-09,0.0,61
gemma,fp16,32,5.227460159851205e-06,1.3055978518305977e-06,0.0,41
gemma,fp32,32,2.7214230808973727e-08,9.09745167241606e-09,0.0,41
gemma,fp16,32,3.955221725249203e-06,9.903950888290325e-07,0.0,61
gemma,fp32,32,2.8517198158439783e-08,3.1259769148195282e-09,0.0,61
gemma,fp16,32,6.8129690742324556e-06,1.7113627607256987e-06,0.0,67
gemma,fp32,32,2.6811674769255944e-08,7.323649968806259e-09,0.0,67
gemma,fp16,32,8.95906967635085e-06,2.2379342132783364e-06,0.0,59
gemma,fp32,32,3.148478344705552e-08,8.119367575845637e-09,0.0,59
gemma,fp16,32,1.2679926864045399e-05,3.180927965695801e-06,0.0,75
gemma,fp32,32,2.4449410454541187e-08,1.4793293749704173e-08,0.0,75
gemma,fp16,31,7.057703865919232e-06,1.7696367802817613e-06,0.0,118
gemma,fp32,31,1.710994844014265e-08,8.881305167998409e-09,0.0,118
gemma,fp16,32,3.9988753772757235e-06,1.0085790747016432e-06,0.0,77
gemma,fp32,32,3.314482011768094e-08,3.357181144192367e-09,0.0,77
gemma,fp16,32,5.334946710178201e-06,1.3281905433260022e-06,0.0,55
gemma,fp32,32,2.7452338574682905e-08,7.99624664355944e-09,0.0,55
gemma,fp16,32,6.764992226515609e-06,1.6814697607614448e-06,0.0,37
gemma,fp32,32,2.8668376156944925e-08,9.832110452190346e-09,0.0,37
gemma,fp16,32,1.1165027911097525e-05,2.7841227623337517e-06,0.0,41
gemma,fp32,32,2.9942887731782e-08,1.17579993285169e-08,0.0,41
gemma,fp16,32,5.747846830495007e-06,1.4292363341716907e-06,0.0,47
gemma,fp32,32,4.1653750081083185e-08,6.396582097334402e-09,0.0,47
gemma,fp16,32,4.400826316697248e-06,1.1058326061519352e-06,0.0,112
gemma,fp32,32,1.827491778044754e-08,7.086756842814013e-09,0.0,112
gemma,fp16,32,1.4585846162873395e-05,3.653572881567868e-06,0.0,53
gemma,fp32,32,2.3186149333831452e-08,1.726992621131629e-08,0.0,53
gemma,fp16,32,5.315846415721026e-06,1.326239334895063e-06,0.0,65
gemma,fp32,32,1.1905708086935862e-08,6.342225787408194e-09,0.0,65
gemma,fp16,32,2.2881086940707007e-06,5.701228945054204e-07,0.0,47
gemma,fp32,32,1.5017992113786072e-08,4.4712416547021405e-09,0.0,47
gemma,fp16,32,1.5270076332285498e-05,3.8091689029684517e-06,0.0,50
gemma,fp32,32,3.409699433909452e-08,1.874721169969895e-08,0.0,50
gemma,fp16,32,4.483898397800168e-06,1.124286431342103e-06,0.0,69
gemma,fp32,32,1.901761922940004e-08,4.5495620222546496e-09,0.0,69
gemma,fp16,32,9.204544504370915e-06,2.3048499475653017e-06,0.0,40
gemma,fp32,32,2.8614978456187323e-08,1.0313131472514808e-08,0.0,40
gemma,fp16,32,6.470379547707239e-06,1.625337066712973e-06,0.0,76
gemma,fp32,32,3.555992400539054e-08,7.501172016866064e-09,0.0,76
gemma,fp16,32,1.3885167096105988e-05,3.4719124206716856e-06,0.0,43
gemma,fp32,32,3.8447245276351794e-08,1.5219155879986346e-08,0.0,43
gemma,fp16,32,3.563051179045207e-06,8.879740845679773e-07,0.0,76
gemma,fp32,32,3.7249493572977244e-08,8.088214274444387e-09,0.0,76
gemma,fp16,32,1.0015050033951312e-05,2.507819897246133e-06,0.0,38
gemma,fp32,32,2.5007517709396687e-08,8.566395957605027e-09,0.0,38
gemma,fp16,32,6.43207489270381e-06,1.606526514708051e-06,0.0,44
gemma,fp32,32,2.4419351707383186e-08,7.82462547706253e-09,0.0,44
gemma,fp16,32,5.092306443854611e-06,1.2674630268660891e-06,0.0,60
gemma,fp32,32,2.2830317247812815e-08,5.937908293535132e-09,0.0,60
gemma,fp16,32,2.08205679011475e-06,5.159634185528117e-07,0.0,33
gemma,fp32,32,1.5529853202023158e-08,3.989966179934051e-09,0.0,33
gemma,fp16,32,9.255824778620081e-06,2.315582980472186e-06,0.0,63
gemma,fp32,32,2.549423894215863e-08,1.6202336833304187e-08,0.0,63
gemma,fp16,32,1.0021076545685403e-05,2.4968345845310935e-06,0.0,34
gemma,fp32,32,3.0700424084872946e-08,9.745674323102804e-09,0.0,34
gemma,fp16,32,5.3234945827096425e-06,1.331219176115006e-06,0.0,36
gemma,fp32,32,1.9232119230494504e-08,6.202376024236345e-09,0.0,36
gemma,fp16,32,9.920124644846595e-06,2.4718530849954234e-06,0.0,42
gemma,fp32,32,2.6476439002158514e-08,1.1205438244388938e-08,0.0,42
gemma,fp16,32,6.371014208639281e-06,1.5804845698852432e-06,0.0,60
gemma,fp32,32,3.009852874921726e-08,3.0381853153085836e-09,0.0,60
gemma,fp16,32,6.866424590912246e-06,1.7192378217734117e-06,0.0,32
gemma,fp32,32,3.1057543169177304e-08,3.588379172796141e-09,0.0,32
gemma,fp16,32,7.395529123432887e-06,1.8492668916181287e-06,0.0,66
gemma,fp32,32,3.304432993900264e-08,1.0240251160920089e-08,0.0,66
gemma,fp16,32,7.437745598526391e-06,1.8541781517666944e-06,0.0,53
gemma,fp32,32,3.205932194803168e-08,9.058858095405652e-09,0.0,53
gemma,fp16,32,4.87888815192683e-06,1.2157817722568964e-06,0.0,54
gemma,fp32,32,2.368781523189034e-08,9.225962255125265e-09,0.0,54
gemma,fp16,32,7.810957808995767e-06,1.9580953154463288e-06,0.0,47
gemma,fp32,32,4.3291171774977044e-08,9.444624724875075e-09,0.0,47
gemma,fp16,32,6.184744897552719e-06,1.5489046401029327e-06,0.0,77
gemma,fp32,32,2.671753755734141e-08,5.963405783071529e-09,0.0,77
gemma,fp16,32,1.2009352768960202e-05,3.00566170123584e-06,0.0,54
gemma,fp32,32,2.1849470475954202e-08,1.1887384445286725e-08,0.0,54
gemma,fp16,32,1.0645701120637341e-05,2.664097568327861e-06,0.0,39
gemma,fp32,32,3.5506461854017957e-08,1.0498957384030838e-08,0.0,39
gemma,fp16,32,5.953267392611039e-06,1.4803200180241172e-06,0.0,37
gemma,fp32,32,1.7115937142424265e-08,8.525668479357484e-09,0.0,37
gemma,fp16,32,3.523835479413151e-06,8.942853835236519e-07,0.0,30
gemma,fp32,32,2.5630720108804628e-08,1.2749965333513913e-08,0.0,30
gemma,fp16,32,7.73358700634219e-06,1.929357674512744e-06,0.0,33
gemma,fp32,32,2.4029784218004835e-08,4.3563919051997635e-09,0.0,33
gemma,fp16,32,9.96133539388211e-06,2.4964952598516277e-06,0.0,42
gemma,fp32,32,3.6135404668513615e-08,9.721713999794046e-09,0.0,42
gemma,fp16,32,9.87550773778878e-06,2.4747454785423173e-06,0.0,53
gemma,fp32,32,2.1259506778376243e-08,6.983972332093649e-09,0.0,53
gemma,fp16,32,5.5930125146819165e-06,1.3947452377344183e-06,0.0,121
gemma,fp32,32,1.7241283399235807e-08,9.17942474094012e-09,0.0,121
gemma,fp16,32,8.733125088200566e-06,2.1927409757926952e-06,0.0,56
gemma,fp32,32,4.0306146793442355e-08,3.938421789541867e-09,0.0,56
gemma,fp16,32,1.4045336811818743e-05,3.5110051683773236e-06,0.0,80
gemma,fp32,32,4.121501567810881e-08,1.174999875175331e-08,0.0,80
gemma,fp16,32,1.5252171690072203e-06,3.787423222267883e-07,0.0,73
gemma,fp32,32,2.476377593350204e-08,4.918597304622019e-09,0.0,73
gemma,fp16,32,5.527374515423844e-06,1.3778836019939789e-06,0.0,91
gemma,fp32,32,2.6958730331427816e-08,6.984698246864651e-09,0.0,91
gemma,fp16,32,3.5594596142773938e-06,8.927291451632513e-07,0.0,76
gemma,fp32,32,2.4530201227918047e-08,2.5581270990393534e-09,0.0,76
gemma,fp16,32,6.079049090335076e-06,1.5149573070472044e-06,0.0,87
gemma,fp32,32,2.7444187554459543e-08,7.989658538931632e-09,0.0,87
gemma,fp16,32,2.7327152061218385e-06,6.977355524462325e-07,0.0,57
gemma,fp32,32,2.1793362323975496e-08,6.328666127611293e-09,0.0,57
gemma,fp16,32,6.3041579023703775e-06,1.5726951018146806e-06,0.0,102
gemma,fp32,32,2.681760666312094e-08,7.009815863184832e-09,0.0,102
gemma,fp16,32,4.211554698096975e-06,1.0527609785038194e-06,0.0,64
gemma,fp32,32,3.72455540567293e-08,8.049130235162488e-09,0.0,64
gemma,fp16,32,5.4374942225488e-06,1.3714280061027928e-06,0.0,84
gemma,fp32,32,3.2455912759329734e-08,5.80161581127084e-09,0.0,84
gemma,fp16,32,5.971405536375762e-06,1.497289461499518e-06,0.0,44
gemma,fp32,32,3.512677174653811e-08,8.010989937818486e-09,0.0,44
gemma,fp16,32,7.615738453415483e-06,1.9105552312315838e-06,0.0,69
gemma,fp32,32,2.9434835650474223e-08,4.659051398804223e-09,0.0,69
gemma,fp16,32,7.002666618793896e-06,1.7549669742711327e-06,0.0,63
gemma,fp32,32,2.8231949222856656e-08,1.1361380933272436e-08,0.0,63
gemma,fp16,32,3.1381639900018854e-06,7.892127101838398e-07,0.0,45
gemma,fp32,32,2.8310055744107387e-08,6.846958673645265e-09,0.0,45
gemma,fp16,32,5.533662299939124e-06,1.3801398406343424e-06,0.0,73
gemma,fp32,32,2.7390255639969663e-08,7.642939833969742e-09,0.0,73
gemma,fp16,32,1.0084832507750718e-05,2.5205230145264323e-06,0.0,56
gemma,fp32,32,4.108173856653963e-08,1.0372343331455092e-08,0.0,56
gemma,fp16,32,4.044632829547368e-06,1.0125731774168756e-06,0.0,48
gemma,fp32,32,2.0980523873781465e-08,6.231097540720931e-09,0.0,48
gemma,fp16,32,6.141300100459546e-06,1.5264455817121103e-06,0.0,57
gemma,fp32,32,3.059384198061954e-08,6.658934308036851e-09,0.0,57
gemma,fp16,32,4.0659290112543545e-06,1.017346697107513e-06,0.0,126
gemma,fp32,32,3.129413753827359e-08,5.320140425424391e-09,0.0,126
gemma,fp16,32,6.642496843234369e-06,1.6575317339784235e-06,0.0,61
gemma,fp32,32,3.297776938533019e-08,1.0132421481354311e-08,0.0,61
gemma,fp16,32,7.230527704571443e-06,1.804538786398524e-06,0.0,41
gemma,fp32,32,2.4862719369411757e-08,4.287365667349219e-09,0.0,41
gemma,fp16,32,7.17860719334773e-06,1.7904224042797345e-06,0.0,51
gemma,fp32,32,2.9041464646301085e-08,9.762148498425327e-09,0.0,51
gemma,fp16,32,3.5642677344016604e-06,8.837805413469679e-07,0.0,63
gemma,fp32,32,1.8634661780661532e-08,6.555553570255709e-09,0.0,63
gemma,fp16,32,7.873897790111606e-06,1.9689878066608824e-06,0.0,47
gemma,fp32,32,2.7059626383140953e-08,5.8676835473781e-09,0.0,47
gemma,fp16,32,9.461307122649032e-06,2.376741937482052e-06,0.0,75
gemma,fp32,32,3.2095163526868475e-08,1.667159557627862e-08,0.0,75
gemma,fp16,32,5.759032002172759e-06,1.4413081803194006e-06,0.0,70
gemma,fp32,32,3.883908317441759e-08,8.873857286029012e-09,0.0,70
gemma,fp16,32,6.01810606593034e-06,1.5028410572659467e-06,0.0,46
gemma,fp32,32,3.943393506178339e-08,7.397443435586126e-09,0.0,46
gemma,fp16,32,7.91331145255647e-06,1.9741734413880607e-06,0.0,41
gemma,fp32,32,5.355114137892136e-08,1.0602177497043286e-08,0.0,41
gemma,fp16,32,9.001097738936537e-06,2.243680028990447e-06,0.0,79
gemma,fp32,32,1.44270026604474e-08,6.042970882589108e-09,0.0,79
gemma,fp16,32,1.0771497922501538e-05,2.691733161863663e-06,0.0,82
gemma,fp32,32,3.2387796736199626e-08,1.3117379342453273e-08,0.0,82
gemma,fp16,32,6.6184082783138365e-06,1.660181322193921e-06,0.0,59
gemma,fp32,32,3.434605575294847e-08,1.403336190308746e-08,0.0,59
gemma,fp16,32,6.9442260057783756e-06,1.7359934744165528e-06,0.0,78
gemma,fp32,32,1.092552621897308e-08,9.809076283867624e-09,0.0,78
gemma,fp16,32,8.527100890720618e-06,2.1300128714429878e-06,0.0,62
gemma,fp32,32,2.7315380287523672e-08,9.033737397023955e-09,0.0,62
gemma,fp16,32,1.108049810127909e-05,2.7732943013170086e-06,0.0,59
gemma,fp32,32,3.917297995703617e-08,7.36603051471052e-09,0.0,59
gemma,fp16,32,1.2257833116535721e-05,3.0528969654497473e-06,0.0,48
gemma,fp32,32,5.0523840555705135e-08,7.811766566945266e-09,0.0,48
gemma,fp16,32,8.659553682122123e-06,2.1687772981948683e-06,0.0,52
gemma,fp32,32,4.4207938226792365e-08,1.4532443526338312e-08,0.0,52
gemma,fp16,32,1.0053096970885633e-05,2.522259557158346e-06,0.0,48
gemma,fp32,32,2.308396118699818e-08,1.0318612839177455e-08,0.0,48
gemma,fp16,32,3.2230013402578805e-06,8.075468502372063e-07,0.0,42
gemma,fp32,32,2.472910666344308e-08,5.91127430544288e-09,0.0,42
gemma,fp16,32,8.55162994528591e-06,2.1439407713527703e-06,0.0,42
gemma,fp32,32,2.529797368810982e-08,4.7674623623872314e-09,0.0,42
gemma,fp16,32,5.7287792094573575e-06,1.434399384159235e-06,0.0,87
gemma,fp32,32,2.627552461720306e-08,6.1889993824282286e-09,0.0,87
gemma,fp16,32,4.73373776932462e-06,1.1886540993710781e-06,0.0,83
gemma,fp32,32,3.1879452966343536e-08,5.572537487008589e-09,0.0,83
gemma,fp16,32,6.457020227113031e-06,1.6113621794100474e-06,0.0,72
gemma,fp32,32,2.6043109608957227e-08,6.149257325777438e-09,0.0,72
gemma,fp16,32,9.34957258758029e-06,2.3360392625848547e-06,0.0,30
gemma,fp32,32,3.149905672926445e-08,8.839383901920739e-09,0.0,30
gemma,fp16,32,1.0307780193841154e-05,2.572288624158592e-06,0.0,37
gemma,fp32,32,4.002585855811258e-08,1.1457068918585556e-08,0.0,37
gemma,fp16,32,4.466903572364345e-06,1.120550643385343e-06,0.0,100
gemma,fp32,32,2.0848640466808455e-08,4.502304203936325e-09,0.0,100
gemma,fp16,32,6.541786432556762e-06,1.6270204725721271e-06,0.0,54
gemma,fp32,32,4.191718086521412e-08,1.0325652055609424e-08,0.0,54
gemma,fp16,32,9.747916640989729e-06,2.4262612243475257e-06,0.0,53
gemma,fp32,32,3.964925799314345e-08,5.682186068889372e-09,0.0,53
gemma,fp16,32,1.0044442549927979e-05,2.506108218502945e-06,0.0,62
gemma,fp32,32,3.483020709696416e-08,1.1721172955836412e-08,0.0,62
gemma,fp16,32,1.0337057060105792e-05,2.5750205876473586e-06,0.0,37
gemma,fp32,32,3.774580231707958e-08,1.5501861738709266e-08,0.0,37
gemma,fp16,32,1.4923218984108644e-05,3.733308521436385e-06,0.0,63
gemma,fp32,32,4.393993432993959e-08,1.0673222916590674e-08,0.0,63
gemma,fp16,32,5.75753633602627e-06,1.4328937413612963e-06,0.0,76
gemma,fp32,32,2.3740382766959146e-08,5.891221497612842e-09,0.0,76
gemma,fp16,32,1.0737938507254796e-05,2.682652062269142e-06,0.0,30
gemma,fp32,32,1.4558807659437178e-08,5.063236253877168e-09,0.0,30
gemma,fp16,32,2.483731245561671e-06,6.214154657513404e-07,0.0,45
gemma,fp32,32,4.6710206480504723e-08,4.154172006387569e-09,0.0,45
gemma,fp16,32,5.1967078484871365e-06,1.2939639777581613e-06,0.0,40
gemma,fp32,32,2.641948024240115e-08,7.528160422300145e-09,0.0,40
gemma,fp16,32,5.871474892060746e-06,1.4621071530163121e-06,0.0,63
gemma,fp32,32,2.680539395311099e-08,1.4348113631240667e-08,0.0,63
gemma,fp16,32,4.514653438647542e-06,1.125577372196318e-06,0.0,75
gemma,fp32,32,2.660586410907495e-08,1.1313410791524703e-08,0.0,75
gemma,fp16,32,7.774090423851021e-06,1.9415423977431345e-06,0.0,64
gemma,fp32,32,2.1385036306012517e-08,8.274767374777392e-09,0.0,64
gemma,fp16,32,6.903906350830269e-06,1.7222408527639566e-06,0.0,42
gemma,fp32,32,2.2166798080251737e-08,4.964798699111719e-09,0.0,42
gemma,fp16,32,5.8805997895095e-06,1.4911521351024248e-06,0.0,75
gemma,fp32,32,3.148840480027282e-08,8.101372989122169e-09,0.0,75
gemma,fp16,32,5.101976255250662e-06,1.2732617920008238e-06,0.0,85
gemma,fp32,32,2.546250049695331e-08,8.841895030378688e-09,0.0,85
gemma,fp16,32,1.0446658965435063e-05,2.613446948851461e-06,0.0,51
gemma,fp32,32,4.546244342096273e-08,3.4566132872670963e-09,0.0,51
gemma,fp16,32,7.9339862156802e-06,1.9816601959377067e-06,0.0,68
gemma,fp32,32,3.17554115780716e-08,3.4635241029368213e-09,0.0,68
gemma,fp16,32,8.447678677914183e-06,2.111402561233433e-06,0.0,39
gemma,fp32,32,2.6346860602932676e-08,9.487795840645852e-09,0.0,39
gemma,fp16,32,6.103119075007157e-06,1.5269386652860817e-06,0.0,85
gemma,fp32,32,3.647373580766e-08,1.1931715031797407e-08,0.0,85
gemma,fp16,32,2.1722428233950097e-06,5.429078518137676e-07,0.0,67
gemma,fp32,32,2.2678669303610732e-08,1.4683018793870684e-09,0.0,67
gemma,fp16,32,1.3772824488000879e-05,3.4410230131953767e-06,0.0,39
gemma,fp32,32,3.381481335218428e-08,4.594952590294965e-09,0.0,39
gemma,fp16,32,0.14382837137079874,0.02513964087608342,0.0625,55
gemma,fp32,32,1.8658192393883333e-08,1.1860578574829361e-08,0.0,55
gemma,fp16,32,7.5249799253995775e-06,1.8777579620099516e-06,0.0,55
gemma,fp32,32,1.155501414776966e-08,7.781863887437387e-09,0.0,55
gemma,fp16,32,5.292488429731179e-06,1.3236800832649998e-06,0.0,51
gemma,fp32,32,3.6548172377415256e-08,8.113053853731067e-09,0.0,51
gemma,fp16,32,9.539716293360812e-06,2.3974914791780044e-06,0.0,79
gemma,fp32,32,1.8213539038081095e-08,1.1668246563401041e-08,0.0,79
gemma,fp16,32,6.4782208095692795e-06,1.6177316450871615e-06,0.0,69
gemma,fp32,32,2.9206461624187163e-08,8.930902649362249e-09,0.0,69
gemma,fp16,32,5.5671110525956635e-06,1.3996050142184302e-06,0.0,50
gemma,fp32,32,3.760764820393003e-08,3.810779768131933e-09,0.0,50
gemma,fp16,32,5.921052800061943e-06,1.4770672964736775e-06,0.0,54
gemma,fp32,32,3.410867516207006e-08,1.0083468601762569e-08,0.0,54
gemma,fp16,32,4.332902395987048e-06,1.0757587761700549e-06,0.0,39
gemma,fp32,32,1.578919231470799e-08,7.469251054464943e-09,0.0,39
gemma,fp16,32,9.686695147260878,0.48936908524650846,0.75,70
gemma,fp32,32,4.702517941712614e-08,1.2476810015704665e-08,0.0,70
gemma,fp16,32,1.0105663363013662e-05,2.5313773681090446e-06,0.0,43
gemma,fp32,32,2.605115340115205e-08,9.92196250854116e-09,0.0,43
gemma,fp16,32,4.9967585844523654e-06,1.2428334839054145e-06,0.0,74
gemma,fp32,32,3.3101047000605455e-08,5.062262942168161e-09,0.0,74
gemma,fp16,32,8.686101665489332e-06,2.157575793027e-06,0.0,45
gemma,fp32,32,2.6825243372094465e-08,1.0091808731130941e-08,0.0,45
gemma,fp16,32,8.156045936208445e-06,2.035169308987894e-06,0.0,59
gemma,fp32,32,2.0434600359053867e-08,5.6648806001993735e-09,0.0,59
gemma,fp16,32,9.14466413814985e-06,2.2899202674064867e-06,0.0,60
gemma,fp32,32,2.2470395197315973e-08,9.267810626573114e-09,0.0,60
gemma,fp16,32,9.222363519967303e-06,2.302523650854482e-06,0.0,91
gemma,fp32,32,2.3490955652905043e-08,1.1951276190913518e-08,0.0,91
gemma,fp16,32,7.1231243268243816e-06,1.7736372090876307e-06,0.0,116
gemma,fp32,32,3.9390410573950096e-08,1.0454751352834135e-08,0.0,116
gemma,fp16,32,9.144346719835994e-06,2.274492750919954e-06,0.0,29
gemma,fp32,32,2.3497002853839488e-08,4.802340322282439e-09,0.0,29
gemma,fp16,32,6.086651277215083e-06,1.5283319170222853e-06,0.0,56
gemma,fp32,32,3.034352841213561e-08,7.639464524519801e-09,0.0,56
gemma,fp16,32,5.921104462291993e-06,1.4843237127332154e-06,0.0,64
gemma,fp32,32,2.8540362517759377e-08,6.543337579233144e-09,0.0,64
gemma,fp16,32,7.991980377930474e-06,1.994626125378929e-06,0.0,28
gemma,fp32,32,3.6935352555091117e-08,5.862161106908771e-09,0.0,28
gemma,fp16,32,8.969684021309376e-06,2.239100285628126e-06,0.0,30
gemma,fp32,32,3.562660455536104e-08,9.667920061739999e-09,0.0,30
gemma,fp16,32,8.803148294767027e-06,2.1976724622341237e-06,0.0,62
gemma,fp32,32,3.103791534897482e-08,1.1300254704194046e-08,0.0,62
gemma,fp16,32,4.960016935839917e-06,1.2529290828178219e-06,0.0,74
gemma,fp32,32,2.081267432701983e-08,5.666576999296957e-09,0.0,74
gemma,fp16,32,3.828724032040043e-06,9.518466190794328e-07,0.0,114
gemma,fp32,32,2.3840053473001e-08,5.278937939556805e-09,0.0,114
gemma,fp16,32,4.501117653266107e-06,1.1214073795118296e-06,0.0,78
gemma,fp32,32,2.0283252483849212e-08,7.1084121627124075e-09,0.0,78
gemma,fp16,32,3.029523260700273e-06,7.508290006397189e-07,0.0,32
gemma,fp32,32,2.1720530873903243e-08,6.411408418061093e-09,0.0,32
gemma,fp16,32,4.1092721647095765e-06,1.0225469284155797e-06,0.0,100
gemma,fp32,32,1.7386520667628247e-08,3.159797663104813e-09,0.0,100
gemma,fp16,32,6.569510801135436e-06,1.6448104847577305e-06,0.0,53
gemma,fp32,32,2.3525164379901986e-08,1.0551093749568141e-08,0.0,53
gemma,fp16,32,6.851663400864183e-06,1.7064153909340796e-06,0.0,39
gemma,fp32,32,2.2679253259237642e-08,1.0071524836341439e-08,0.0,39
gemma,fp16,32,8.668603872052927e-06,2.1610713979158813e-06,0.0,33
gemma,fp32,32,3.19483928756803e-08,7.513783395224783e-09,0.0,33
gemma,fp16,32,6.72159811443418e-06,1.6808649292987532e-06,0.0,52
gemma,fp32,32,2.8466853999042918e-08,5.815483640220914e-09,0.0,52
gemma,fp16,32,1.0939807513821176e-05,2.7326432657237554e-06,0.0,49
gemma,fp32,32,3.0596582045738785e-08,8.471071800617014e-09,0.0,49
gemma,fp16,32,9.372707668875435e-06,2.3310443135748926e-06,0.0,64
gemma,fp32,32,3.217674987045227e-08,1.2703578962424203e-08,0.0,64
gemma,fp16,32,9.344737128991198e-06,2.335117392782138e-06,0.0,32
gemma,fp32,32,4.142922602201615e-08,8.636767421035807e-09,0.0,32
